NÃºmero de Ticket,Evento,Precio,Estado,Nombre del Comprador
5e5dc218-4d64-480a-96b2-3cc7dff762a0,Evento 21,,Pagado,Carlos López
45a245e3-c858-428b-b0ac-c3fc5705a109,Evento 29,,Pagado,Comprador Anónimo
92ba50fa-6120-4614-9f2c-3cadafaea575,Evento 25,100.0,Pagado,Comprador Anónimo
02ad86f5-7d22-47ac-923f-d50b4650b40b,Evento 44,100.0,Reservado,Carlos López
f00fd9e3-b6b5-460b-bae3-05b916cb1ec5,Evento 33,100.0,Pagado,Comprador Anónimo
8b62e2c4-34fc-4db3-ab8e-aa52fb4671f7,Evento 48,100.0,Pagado,María Gómez
1f902de6-4b63-4673-8de5-d02ca27d0f06,Evento 75,100.0,Cancelado,María Gómez
1f147b2d-7d58-43ae-b9da-4b646331f53f,Evento 16,100.0,Cancelado,Comprador Anónimo
f20bc1e9-36a7-408f-bbf0-50f82f7e955f,Evento 82,100.0,Reservado,Comprador Anónimo
942a97c7-56fc-4a6c-ae60-309d317ee812,Evento 18,100.0,Cancelado,Carlos López
fd277c2f-7f09-4697-ad3e-696409ae328b,Evento 13,,Reservado,Carlos López
55a19d9b-1e23-4512-94a7-efb277dd34fa,Evento 12,200.5,Cancelado,Comprador Anónimo
f6d76da0-9808-43a0-9b54-ecea291ba7d8,Evento 100,100.0,Cancelado,Comprador Anónimo
6df2e50f-2aa4-479c-8ab5-140beeb224e2,Evento 94,100.0,Pagado,Comprador Anónimo
a3188264-aec0-4c06-946c-be999ca8915a,Evento 10,200.5,Reservado,María Gómez
81349f5a-2484-4228-942a-65d274adba84,Evento 81,300.0,Cancelado,Comprador Anónimo
d26cc749-8d62-497c-88c0-d86c3b769efd,Evento 21,300.0,Cancelado,Comprador Anónimo
03510ae3-950c-408e-8a04-e37bd813bc27,Evento 36,300.0,Reservado,Carlos López
d56e199f-2109-430d-9cd6-fe5b1ea7a874,Evento 92,100.0,Pagado,Juan Pérez
576b5780-741b-4827-bb74-be680f8679fd,Evento 15,100.0,Reservado,María Gómez
659980ac-c16b-46f1-8c4f-35476cb7d91f,Evento 90,100.0,Pagado,María Gómez
69fbc19b-9ec5-438e-8b0d-17a4cedc159a,Evento 16,100.0,Reservado,Carlos López
ef49a060-aafd-4534-886b-6507af0ca15d,Evento 6,100.0,Pagado,María Gómez
96d72086-8d74-4a70-a955-31e637734e22,Evento 74,100.0,Cancelado,Comprador Anónimo
835fcb25-4320-4d37-b3c2-b4c1e53a44f9,Evento 7,200.5,Cancelado,Juan Pérez
ac3af827-bc33-4c64-88de-301922a09d3f,Evento 26,100.0,Reservado,Carlos López
b7bc7484-5b9f-4af7-a2f4-57a0cd91451e,Evento 73,100.0,Cancelado,Comprador Anónimo
865bb8b3-bbe5-4cbe-9a4d-b9d06d7b74ed,Evento 76,100.0,Cancelado,Juan Pérez
d48d4f71-e5c1-441c-87f8-8c0c3d6da815,Evento 80,100.0,Reservado,María Gómez
d2318f75-9d8a-4730-a6b3-a183c7267e2e,Evento 68,,Cancelado,Carlos López
74d92861-128e-465d-ad8a-f53a334191ef,Evento 39,200.5,Pagado,Comprador Anónimo
fb0645be-809f-4110-a061-967046a7a29a,Evento 43,,Reservado,María Gómez
bf9ed866-cd0c-4079-9236-89e70cf1bf22,Evento 63,200.5,Reservado,Comprador Anónimo
984edbda-2914-4967-8020-f2f90c6e91de,Evento 77,100.0,Cancelado,Comprador Anónimo
2c9dde70-7e93-4476-a702-ad27f2e96e06,Evento 4,200.5,Cancelado,Carlos López
26e6afaa-c234-4d23-b454-64a0ed341a10,Evento 15,100.0,Reservado,Comprador Anónimo
01ff2d69-f679-4330-a3fc-be0b23880aa7,Evento 94,100.0,Cancelado,Juan Pérez
040d7127-104f-4b4a-a624-6a9a5508a5f7,Evento 74,200.5,Cancelado,María Gómez
ff0e0daf-3164-4bc3-abc8-027db509ad1f,Evento 81,200.5,Reservado,María Gómez
e487c5be-9005-4f57-8532-f4253968d035,Evento 92,100.0,Pagado,Comprador Anónimo
039d6cf9-d28a-4cf7-8c8b-5297d212d5ef,Evento 75,,Cancelado,Juan Pérez
faf8aa12-06ab-4cb5-8f8c-1b9c67b20bf6,Evento 71,,Cancelado,Comprador Anónimo
e6cdef04-42d9-4f62-8c5a-398b74d780c2,Evento 34,300.0,Cancelado,Carlos López
d0765e8a-90ff-436c-bb97-8ad0e125ab40,Evento 18,200.5,Reservado,María Gómez
b8fc9553-726b-4e26-8b11-deb5478caffe,Evento 11,300.0,Reservado,María Gómez
2faa9e4e-4582-4f75-bb98-0d405d70e985,Evento 38,100.0,Cancelado,Juan Pérez
c4785e86-5de1-4536-9c7b-0952c89f6830,Evento 100,100.0,Cancelado,Comprador Anónimo
971fbd7c-0283-423f-a1fa-9f96f29bb528,Evento 70,100.0,Pagado,Comprador Anónimo
bf1f5009-bf8d-47e4-b519-ae8229528a40,Evento 18,100.0,Pagado,Comprador Anónimo
61d8b78f-fd34-4a87-8ce5-4087dd556b38,Evento 39,,Reservado,Carlos López
b094c75a-cf3b-481e-84f9-4ec74f6d49dc,Evento 37,100.0,Pagado,Comprador Anónimo
4ce95182-1556-4fad-b6d5-6c2e995a7138,Evento 39,100.0,Cancelado,Carlos López
7e34a87c-ddf7-486b-97c1-260011c67803,Evento 86,100.0,Reservado,Juan Pérez
e665fbbe-4636-4155-af82-1e4ae74992a1,Evento 96,100.0,Cancelado,Juan Pérez
cf8a3d62-f898-4571-9c31-61fb52506cd3,Evento 78,200.5,Reservado,Carlos López
e3d1a091-cb6e-4c85-bd68-92b154dddb6a,Evento 85,100.0,Cancelado,Comprador Anónimo
9af37585-e785-481c-907b-58630fccd1fe,Evento 60,100.0,Pagado,Carlos López
e4f13b93-8b3a-44b0-be96-acb525ce8b59,Evento 76,,Pagado,María Gómez
349b366f-f0f0-40dc-91da-90736cf7e09a,Evento 42,100.0,Pagado,Carlos López
3dab3dc8-7366-4491-bb85-6cb4ef15394a,Evento 31,100.0,Pagado,Comprador Anónimo
cbf824f5-6df0-4e68-ae82-8cadf97e863e,Evento 81,100.0,Reservado,Carlos López
f8686613-7da0-4aa9-9e5a-825774bbbcbf,Evento 5,100.0,Reservado,Comprador Anónimo
5d4c244f-a21d-4394-b3c1-7dda86fc5557,Evento 20,300.0,Reservado,Comprador Anónimo
8da79003-b800-44da-98c0-3ac2fc4cca47,Evento 25,100.0,Pagado,Juan Pérez
abccb5ca-cfbf-4463-bdb9-43e0c2267724,Evento 55,300.0,Cancelado,Juan Pérez
3d7aa41c-e561-46f8-843b-5d2619e51289,Evento 24,,Reservado,Carlos López
ed202cdd-9154-438c-8682-0fc10a579f17,Evento 27,100.0,Pagado,Carlos López
027d645a-525a-472a-bf8b-7d5ce19ef7d5,Evento 57,100.0,Reservado,Comprador Anónimo
4c0d86b0-fff9-47c7-81a3-952bb8661c9a,Evento 40,100.0,Reservado,Comprador Anónimo
085c7327-59ae-48a3-a160-630f1fd5b813,Evento 13,200.5,Reservado,María Gómez
38f57550-b2bd-4629-89ad-91c928830b93,Evento 14,200.5,Pagado,María Gómez
5b1cdd7c-80a2-426e-92f2-8e86c80595c4,Evento 77,300.0,Reservado,María Gómez
8a16cbb4-35c8-49ad-ba8d-7ffdb2bdf55a,Evento 14,100.0,Reservado,María Gómez
9a06d0e8-c78d-49b6-a225-692e1ceb1dd1,Evento 67,100.0,Reservado,Comprador Anónimo
a1753b9f-0b25-4a18-bf07-5fe1a078c948,Evento 30,100.0,Reservado,Carlos López
cf4705b5-1c63-4c09-ac9a-cf71b5b97f4c,Evento 93,100.0,Cancelado,María Gómez
8a5a4092-6215-45c7-8806-72ad0b779a43,Evento 92,100.0,Reservado,Comprador Anónimo
b7b152ac-a627-44da-8606-c77080ffd11a,Evento 3,100.0,Pagado,Comprador Anónimo
1b73d673-7161-4b68-b212-fbe82f9a212c,Evento 66,100.0,Reservado,Juan Pérez
134c635b-ddcd-47e8-b87c-8502ba7a7d99,Evento 92,,Cancelado,María Gómez
7b075698-5854-46ff-a8d6-22a3915ac341,Evento 68,100.0,Pagado,María Gómez
b1ffa1dc-042b-49af-a3af-6fba1a602518,Evento 64,100.0,Pagado,Carlos López
f48f69dd-39a8-4f18-ae2f-92cde6ee558f,Evento 54,300.0,Pagado,Juan Pérez
fa8b495b-1664-4a7a-bd64-86acdc8e6b5b,Evento 19,100.0,Pagado,Carlos López
522d1608-5f70-4eb4-b24f-4025af63b58f,Evento 83,100.0,Pagado,Carlos López
3be94173-f15f-427f-bb58-d95e41317fce,Evento 29,100.0,Reservado,Comprador Anónimo
fc1eef79-f2ca-4b11-be76-a31a18cb406a,Evento 74,,Reservado,Carlos López
eca91dec-bcdb-4e0e-9056-531dacd60dce,Evento 45,100.0,Cancelado,Comprador Anónimo
ad363193-5b8b-4cd3-91ff-0470c7cf35fc,Evento 91,,Pagado,Juan Pérez
1bc40f46-b506-4686-bcb5-e15e18b8a21e,Evento 96,300.0,Pagado,Juan Pérez
804df9cb-edc1-4041-97b9-6b3c822f2f77,Evento 81,200.5,Cancelado,Carlos López
814b7e95-0f71-49fc-af92-231b4e75106c,Evento 47,300.0,Cancelado,Comprador Anónimo
37db2f21-d731-4f4b-8818-845073729105,Evento 89,100.0,Cancelado,Juan Pérez
634a1669-3401-4476-aecf-80dcf7d113fd,Evento 60,100.0,Cancelado,Comprador Anónimo
305efb48-92c7-4318-9ff8-9c20348c7131,Evento 50,100.0,Cancelado,Comprador Anónimo
610bfbe6-25f0-41ec-8c70-08f757ea6d2b,Evento 20,200.5,Reservado,Comprador Anónimo
90678fb9-8552-448a-bdf9-bb9b38c7726f,Evento 47,100.0,Cancelado,Comprador Anónimo
3518ed94-0242-4d0c-ac6d-53feec6d27d1,Evento 90,100.0,Pagado,Comprador Anónimo
78fcc36f-a080-4689-80e2-135c1a68b58d,Evento 87,200.5,Cancelado,María Gómez
c2da5039-a17b-4712-96d3-6ce5307a772f,Evento 14,300.0,Cancelado,Comprador Anónimo
e7c0957a-489e-493a-bf09-01c6ea9ef720,Evento 1,,Reservado,Juan Pérez
874cfb8b-2cd2-4441-967f-37e6ccde829e,Evento 1,100.0,Reservado,Comprador Anónimo
39faf545-93ab-4c46-b127-5bf8848817d2,Evento 62,300.0,Cancelado,María Gómez
16d520ff-c3dd-4759-a0dc-0f0d442cc48f,Evento 14,,Reservado,Comprador Anónimo
84811f6e-0d48-4012-8bb7-09d8f1547f12,Evento 78,100.0,Reservado,Comprador Anónimo
996cf5bc-362a-4b1c-b03d-56503a462248,Evento 46,,Reservado,Comprador Anónimo
469f3fa6-b7f4-4979-a7b6-779d81479941,Evento 52,100.0,Pagado,Comprador Anónimo
c3eabfe9-a66e-48dd-9621-89c721f1ca13,Evento 60,100.0,Pagado,Comprador Anónimo
8c560272-0c90-4f37-ac87-d8c1e81dadd5,Evento 46,100.0,Pagado,María Gómez
3759fc2c-a284-45f4-85ec-1ed30d761d9d,Evento 8,100.0,Reservado,Juan Pérez
ea8320f4-498d-4665-90e1-982729d626e6,Evento 68,200.5,Reservado,Juan Pérez
d3e677da-20b0-4071-8e32-39945dec5e50,Evento 93,100.0,Pagado,Comprador Anónimo
99424c32-f45b-4971-a817-b52bbe272209,Evento 15,200.5,Pagado,Carlos López
b56f623c-9ab0-40bf-94f4-5ce408d8b209,Evento 63,,Reservado,María Gómez
99d53af0-3886-434a-aed2-caf10dab1c46,Evento 52,300.0,Cancelado,Comprador Anónimo
831e1aa0-10f2-439f-958d-c87bbcc33f0f,Evento 56,100.0,Reservado,Comprador Anónimo
122eb1a3-8968-4e3a-9946-956f5aae24cc,Evento 99,100.0,Reservado,Carlos López
fad0e603-9c9d-4f67-af18-cc31e6d46233,Evento 26,100.0,Pagado,María Gómez
e95c20ce-68fb-4de6-9532-6e9c1229bcad,Evento 92,100.0,Reservado,María Gómez
748064c5-8f13-4c13-a7bc-f42e51c123c7,Evento 83,100.0,Pagado,Carlos López
c353de3c-eabd-40f7-a949-57cc9524cece,Evento 95,200.5,Pagado,Comprador Anónimo
8d566625-a846-4c23-8c96-27e9785a7abb,Evento 24,300.0,Reservado,Juan Pérez
e2daf843-95d0-42ba-af9f-595897832102,Evento 72,100.0,Cancelado,María Gómez
001185cb-ac66-438c-bfca-0cbbd96fee34,Evento 95,300.0,Cancelado,Juan Pérez
e489057e-645f-4cd3-b2a4-d34a07d6c52b,Evento 80,,Pagado,Comprador Anónimo
7a4e68b3-7726-42c6-baa0-7f6c16c60ebb,Evento 77,200.5,Reservado,Juan Pérez
f3212277-b8ed-42e9-954f-8c9718308b7b,Evento 37,100.0,Pagado,Juan Pérez
3ce0de20-5087-4990-9b02-e332d90fcbac,Evento 23,100.0,Cancelado,María Gómez
b980bac9-9435-459d-b358-d57a2fde23d4,Evento 59,200.5,Reservado,Juan Pérez
7be1f4da-9a13-45e8-8586-c6b0aa1fa4db,Evento 77,200.5,Reservado,Comprador Anónimo
c33c9659-e76c-4a70-8cc8-f57d49cce1de,Evento 5,200.5,Cancelado,Carlos López
d48d0e6c-6804-43af-b04b-e19e8d27419b,Evento 24,100.0,Pagado,María Gómez
e0c76334-d126-40dd-b780-df97d2f47853,Evento 85,100.0,Pagado,Comprador Anónimo
709a669d-0400-46bc-9cfa-ba49bbc6cd46,Evento 58,300.0,Reservado,Comprador Anónimo
ed375d9e-56f1-45f4-b353-7c66a3a780c0,Evento 31,100.0,Pagado,Carlos López
1d9cb5de-e854-4d0f-9d63-c6810bc55258,Evento 49,300.0,Reservado,Carlos López
75ff6898-02f8-4631-9946-ddf10321340f,Evento 69,100.0,Cancelado,Juan Pérez
ff99921d-dda8-4212-9122-ecb46070c2a5,Evento 57,100.0,Cancelado,Comprador Anónimo
8df7ac17-add4-4938-9d24-9c20812ba18f,Evento 59,200.5,Pagado,Comprador Anónimo
08cea6ab-5e91-4f44-89cd-74e6b9c62638,Evento 47,100.0,Reservado,Comprador Anónimo
926a82b9-12b2-493b-bc68-9c2bfb3f9123,Evento 54,100.0,Cancelado,Comprador Anónimo
5e2a55bb-1cf4-4554-9022-1594d4c935ad,Evento 81,100.0,Reservado,Carlos López
fced5dd6-c0af-4d8b-9434-3cfbd21fef62,Evento 95,200.5,Pagado,Juan Pérez
84ef5350-32aa-4e99-accf-73f0f10475a1,Evento 97,,Reservado,Comprador Anónimo
0d039e51-1110-4201-9c76-764f7a647989,Evento 85,200.5,Reservado,Carlos López
4a6c961e-851e-4ddc-a8d1-8d275dcd293b,Evento 70,100.0,Cancelado,María Gómez
149def2b-d872-4737-ae41-3da54fc1d502,Evento 67,200.5,Pagado,Juan Pérez
c20902e8-3117-4312-95ac-6a6ae9514ffc,Evento 20,100.0,Pagado,Juan Pérez
f8a6d06e-a3fc-407f-927e-2e3c5fe7d0a9,Evento 7,200.5,Reservado,Carlos López
99a1a4d3-90a9-46bc-838f-cfaf8be606ab,Evento 93,100.0,Cancelado,Comprador Anónimo
5ed9206c-4d0b-4fed-94dd-a839a9b7796d,Evento 14,100.0,Reservado,Comprador Anónimo
f5ef40fb-a992-424c-8da5-a6a83946cf2f,Evento 35,100.0,Reservado,Carlos López
ae5b86da-035f-4738-8721-362dd0273c40,Evento 53,300.0,Cancelado,Juan Pérez
116766ee-ce10-4f24-a8e2-778532bf4d4c,Evento 5,200.5,Cancelado,Comprador Anónimo
5575b20a-0d01-4bc7-a9bb-a19af9f8c80c,Evento 36,200.5,Pagado,Carlos López
51520b79-17b5-4463-a995-826b8a7a08a1,Evento 13,300.0,Pagado,Carlos López
4331412c-3662-42ae-bbea-53c4c8b20d14,Evento 5,,Reservado,María Gómez
14ee4658-515a-4a43-affc-4fb48a11151f,Evento 67,100.0,Reservado,Comprador Anónimo
93167828-d7dc-4104-bf2c-ee65e1004691,Evento 4,,Reservado,María Gómez
77531d98-b418-415a-8d9f-c60c48ff734e,Evento 17,200.5,Reservado,Juan Pérez
df1fe88f-b1e7-4312-a532-ce00b52d6046,Evento 71,100.0,Cancelado,Juan Pérez
eead9eda-f4fe-47b7-83e3-67168e78f6a4,Evento 93,100.0,Cancelado,Comprador Anónimo
111978c5-4285-4317-915b-d00c976c13c8,Evento 53,100.0,Cancelado,Juan Pérez
9659c5fb-feff-4a1a-acb2-271b018e5a15,Evento 96,200.5,Cancelado,María Gómez
195dd80b-4c90-4702-9907-9438a4820ef6,Evento 73,200.5,Cancelado,María Gómez
4724a7c7-1fb2-4d27-b5f5-e73da9d49266,Evento 92,300.0,Cancelado,María Gómez
6a7d6080-e9df-4017-812e-7bafdea5f8a2,Evento 20,300.0,Cancelado,Carlos López
abc42888-6b0a-42bf-ba91-776703f2d3de,Evento 28,200.5,Pagado,Comprador Anónimo
d2af1764-42f3-41ad-96ca-67bd9a73e42f,Evento 6,100.0,Reservado,Juan Pérez
69ec0176-fa19-4aa8-ae5d-9189e7eed7b5,Evento 79,100.0,Pagado,Carlos López
1679edf6-b530-4851-9294-da0e6472943b,Evento 51,100.0,Reservado,Comprador Anónimo
7de7f0c7-5233-43c6-8ff4-7c8add811496,Evento 78,,Pagado,María Gómez
0398859a-401a-49a2-a669-19a99f892bc5,Evento 74,300.0,Pagado,Carlos López
b349e121-93d5-4f6e-8664-36941c4c4b2f,Evento 25,100.0,Cancelado,Comprador Anónimo
30ae0864-e1a7-4462-af33-489208f8fa8b,Evento 68,100.0,Reservado,Comprador Anónimo
3138a15f-fb1b-4835-b4f7-9c40b8762744,Evento 37,,Reservado,Carlos López
e9de3673-94a5-4f01-8b20-b695ee773ad1,Evento 35,300.0,Pagado,Comprador Anónimo
cc37d0cb-3e9d-4eb4-a06a-548b4251e59a,Evento 92,300.0,Pagado,María Gómez
631b9253-d566-45d4-8854-db7a39c73f98,Evento 47,100.0,Pagado,Comprador Anónimo
6a95e4bb-d80b-4dc1-aad1-ddf1c6d32f28,Evento 44,100.0,Reservado,Comprador Anónimo
3c001a51-b07e-442c-b1e4-72a6871be373,Evento 43,100.0,Pagado,Comprador Anónimo
aea48323-51c5-4874-8fa3-95b3ca6b99a8,Evento 26,200.5,Cancelado,Carlos López
e8bf88b4-763b-47cc-9c93-61cb7b4ab198,Evento 66,,Pagado,Juan Pérez
3a2dd32f-a729-4ff7-b20e-a0c25143f772,Evento 37,100.0,Cancelado,Carlos López
00d3de84-75bd-455b-9dbf-01ffe48e4ae3,Evento 1,100.0,Reservado,Comprador Anónimo
53a08021-ee28-43a1-96bb-67d5a51e98a6,Evento 55,300.0,Pagado,Carlos López
50b413a8-b06c-41c8-89ad-d379b056a59d,Evento 84,100.0,Cancelado,Carlos López
32999b18-2fe8-4f52-bef5-20c8cfb5989b,Evento 22,100.0,Cancelado,Carlos López
0049a492-6263-48e1-823b-2d6639e30502,Evento 91,,Cancelado,Juan Pérez
f446591a-2429-492f-bad2-2dd6255f07a2,Evento 85,100.0,Reservado,Comprador Anónimo
7327a999-0584-44aa-bff6-9f1c9b355c81,Evento 41,100.0,Cancelado,Comprador Anónimo
064482c0-33d4-4608-bac1-b51ad5af049f,Evento 37,,Cancelado,Carlos López
21358f67-a854-4af8-b7f0-635764cea623,Evento 64,100.0,Reservado,Comprador Anónimo
c2548109-51cb-49c1-8b8b-a519d8b903ae,Evento 21,100.0,Cancelado,Comprador Anónimo
b165a2ae-6d7f-42c4-b4c9-7a3adb7ece54,Evento 50,100.0,Pagado,Comprador Anónimo
c2b508c7-c00d-4b45-85ee-bab185cde507,Evento 81,100.0,Pagado,Comprador Anónimo
f305a9f8-dc8b-4c82-b255-f72c2d84a914,Evento 96,100.0,Cancelado,Comprador Anónimo
f2d52ede-8b8d-43ad-8bb8-f9fa775054e2,Evento 45,100.0,Pagado,Juan Pérez
eaae8fed-f9bf-47a8-8078-0e6d77b78bc8,Evento 30,100.0,Pagado,Juan Pérez
0c0d269c-b175-4629-b616-6700697da810,Evento 60,,Reservado,María Gómez
54b8a4ef-3bed-4324-97eb-4ab40ce87d1f,Evento 42,100.0,Cancelado,Juan Pérez
7ba7cc89-ed0e-41f6-bfdb-26bf5349e99a,Evento 60,100.0,Pagado,Comprador Anónimo
85224142-4db5-485e-b0f4-44c8681b11ea,Evento 75,100.0,Pagado,Carlos López
1c7bee75-f32b-4c3e-9caa-223a5c2da855,Evento 31,200.5,Cancelado,María Gómez
f7590204-ec57-4317-b59c-7cbd9e6a97cb,Evento 99,100.0,Cancelado,Carlos López
b0924f16-6fbe-42c5-95df-68db243c132d,Evento 80,100.0,Pagado,Carlos López
aca905ff-945b-4d87-8eec-19238b2368b1,Evento 68,,Pagado,Carlos López
b76f9ecf-5b39-45db-9075-fdd07d1e4827,Evento 18,100.0,Pagado,Juan Pérez
84f6103b-a213-4e69-b2d0-4b6f51a438a1,Evento 41,100.0,Reservado,Comprador Anónimo
bc24f19c-d9b7-4a34-a900-bceaa7fba147,Evento 83,200.5,Cancelado,María Gómez
a8b103fd-dcbc-42ea-b7ac-8ada2b085103,Evento 5,200.5,Pagado,María Gómez
8609b7c5-6306-4419-966f-96e1158e246d,Evento 29,100.0,Cancelado,María Gómez
cb5e8296-9995-4eb4-9fc9-6ccecaf63cda,Evento 16,200.5,Cancelado,Comprador Anónimo
784baaee-1f07-496c-8091-ded5e8995f39,Evento 37,300.0,Cancelado,Juan Pérez
6b88fef6-cbd6-433c-9295-d77b36e175f1,Evento 73,,Cancelado,Comprador Anónimo
3df0ef7b-f828-4d73-936b-24b7a0f570cb,Evento 43,200.5,Reservado,Carlos López
c4375b52-7054-4041-bcba-5f955f784bde,Evento 9,300.0,Cancelado,María Gómez
4c02e693-ef0b-4966-9042-06d070478ff2,Evento 13,200.5,Reservado,Carlos López
a6b84821-97dc-4ec2-9d4a-8f7dc61b9547,Evento 71,200.5,Reservado,Juan Pérez
3966f6c3-8176-4baf-87ba-38fb23f3baf1,Evento 22,100.0,Cancelado,Comprador Anónimo
fbcedb6a-74d8-49ab-a6ea-e104719ab437,Evento 95,,Reservado,Comprador Anónimo
74a5e09a-e0ef-4b5c-abd7-d6b1249fe01a,Evento 77,100.0,Pagado,Juan Pérez
fef0a6e1-f799-47d9-afc5-73344ae63873,Evento 63,,Cancelado,Carlos López
67344658-cd3e-4197-9dc8-ae320fea09a3,Evento 69,100.0,Reservado,Juan Pérez
506623b9-a1c4-4c3e-991b-45034865ec21,Evento 69,100.0,Cancelado,Juan Pérez
618035ff-96da-4bcd-af18-e971bc5d2d8e,Evento 18,100.0,Reservado,María Gómez
b0f3af2e-9f57-44c4-9709-cbd3e1b4d213,Evento 7,,Pagado,Comprador Anónimo
0f87b99a-0d63-41d8-90ad-62834f747f9b,Evento 75,100.0,Reservado,Comprador Anónimo
1137e23c-95c2-48ee-9fcc-76399ea8c05b,Evento 57,300.0,Reservado,Comprador Anónimo
5a707b10-80df-448d-96ce-73a77ae4ff72,Evento 8,100.0,Reservado,María Gómez
80dd5bbf-734b-435d-9df6-14ee4f69c4ef,Evento 36,300.0,Cancelado,María Gómez
612f9873-fd2d-442e-9b43-5f40c4ff9132,Evento 54,100.0,Pagado,Comprador Anónimo
3fa83865-ff1f-4762-8933-3da92dfc83a0,Evento 78,100.0,Pagado,Juan Pérez
c7425752-00f7-4bf9-a55d-b5c14f1bcf6a,Evento 41,100.0,Pagado,María Gómez
04227777-6f98-400e-89a4-88e27eb0297a,Evento 17,100.0,Pagado,Juan Pérez
d859bc88-3690-4249-a957-797d0cefee78,Evento 37,300.0,Reservado,Carlos López
8700a0b0-bd69-4b59-90a2-b6dcf266b53c,Evento 96,100.0,Cancelado,María Gómez
ba05500f-04b1-4643-88fd-5dc84aacc71d,Evento 98,100.0,Reservado,María Gómez
25e4670e-2268-4ddf-9b8b-a3bfb9a8909f,Evento 48,300.0,Reservado,Comprador Anónimo
13e14b5c-fd55-416a-a7e6-abab4d11bab9,Evento 76,100.0,Reservado,Juan Pérez
ae69ac3f-04a9-458c-87a4-822e38ec6352,Evento 68,100.0,Pagado,Carlos López
e195be14-526d-4e5d-8de0-4912f2bacd4d,Evento 8,100.0,Reservado,Comprador Anónimo
de5436be-536f-433d-8728-dccfb30d2510,Evento 98,100.0,Reservado,Juan Pérez
4d0c2eea-ca0d-4109-b28d-fe7e0434c97d,Evento 64,100.0,Cancelado,Comprador Anónimo
09539bfb-95df-477e-b59b-97b9e9fbb313,Evento 14,,Reservado,Comprador Anónimo
7e2e0e24-2086-47cd-a62c-a85bb9d1aa84,Evento 97,200.5,Cancelado,Juan Pérez
332e9169-e509-4adc-87e1-3f9f3588e5e0,Evento 13,100.0,Reservado,Juan Pérez
30075c37-e170-4f89-863f-21b05f113a84,Evento 22,200.5,Pagado,Comprador Anónimo
bc6a7164-7de3-468c-9cb7-b5aadb9df733,Evento 79,,Cancelado,Carlos López
a7e00cb9-fe05-4557-9efc-a434901c19a6,Evento 8,300.0,Cancelado,Carlos López
6c62aeaf-0ecc-49ed-92a8-8a5d96f859eb,Evento 46,100.0,Reservado,Comprador Anónimo
02587383-f643-49f9-9cfd-735d5b1f6637,Evento 39,100.0,Reservado,Comprador Anónimo
75ccd6a3-28f1-465c-9a04-cc5acd042d9a,Evento 23,100.0,Cancelado,María Gómez
45d5e544-ebfb-4b56-af0f-bebc08248c5a,Evento 88,200.5,Pagado,Comprador Anónimo
5388e68b-a7e3-4684-a3bf-58398dfb5070,Evento 56,100.0,Pagado,María Gómez
ce87569e-67ba-4680-a3bd-b2249d81bdd0,Evento 94,100.0,Pagado,María Gómez
b516a5a4-3831-40f5-95f1-403ffaf22bce,Evento 86,,Pagado,Comprador Anónimo
e50d6540-317a-4f9b-9fb5-50b75a541d8c,Evento 50,100.0,Reservado,Comprador Anónimo
b7403ce1-157c-49bd-bc2d-0ca071f2b162,Evento 69,100.0,Cancelado,Juan Pérez
d4a8f3ea-b52b-41e2-b228-f642be265b1c,Evento 15,100.0,Reservado,Juan Pérez
f187d3e8-39ea-4c3c-b06d-a60b47328273,Evento 2,300.0,Reservado,Juan Pérez
44082e69-a6b9-4362-a981-bebfe085f13b,Evento 94,100.0,Cancelado,Juan Pérez
560a3ae2-2478-4560-9276-e7c2708b747f,Evento 94,100.0,Reservado,Comprador Anónimo
245e81ee-89c1-4deb-8307-284e7b50aafc,Evento 73,,Pagado,Comprador Anónimo
d24ac1d6-b687-4fd3-91c5-15e8c27b0600,Evento 40,100.0,Reservado,Carlos López
cc3af8e2-32ea-435a-9c8e-bf18d60d4af4,Evento 39,200.5,Pagado,Carlos López
47768500-cdde-4b9f-9655-ad0e3814d0fc,Evento 77,,Reservado,Comprador Anónimo
4129f748-eb05-4758-9fa0-1315e3959371,Evento 56,200.5,Pagado,María Gómez
d471b995-2bea-4c1d-8c24-8f1ef86f8085,Evento 20,100.0,Reservado,Comprador Anónimo
c5a9d7a1-202c-409e-ab45-071fddf3e99e,Evento 11,100.0,Cancelado,Comprador Anónimo
c5a22596-0c3f-423a-96f4-fcfa8883b705,Evento 53,100.0,Cancelado,Juan Pérez
8d5df369-c492-40b0-9cc7-c53fb0189a97,Evento 30,300.0,Cancelado,Comprador Anónimo
b7dc547e-40f9-4de4-9f6f-f0b9aa3fdc08,Evento 41,,Cancelado,Juan Pérez
9841b4ea-af29-4817-87c6-ed56a50408ab,Evento 33,300.0,Pagado,Comprador Anónimo
67581d7f-63eb-47d8-afaa-51a55cac0a18,Evento 36,100.0,Pagado,Carlos López
6355e5ea-f4fe-4a3f-91a8-57b96f90bb73,Evento 26,100.0,Cancelado,Juan Pérez
86277987-ab3d-4ae4-8c7a-1edd6f36008a,Evento 22,300.0,Cancelado,Juan Pérez
f1770173-d6ce-4171-b111-82d0bc3a19d7,Evento 41,100.0,Reservado,Juan Pérez
8f1a4208-dd2f-4d41-b166-935e061c3728,Evento 69,,Cancelado,Juan Pérez
1464360d-1612-4492-91b8-e678987fe946,Evento 93,,Pagado,Comprador Anónimo
591820d1-e8a9-46be-92bf-ed00a7978192,Evento 37,,Cancelado,Comprador Anónimo
07053f75-db51-40ab-9264-fd5903b5690f,Evento 98,200.5,Pagado,Carlos López
18f646aa-0942-43e2-aa24-4f46650f6961,Evento 18,200.5,Reservado,Comprador Anónimo
df102852-33aa-44a2-99eb-c7f0ac223da3,Evento 21,100.0,Reservado,Juan Pérez
6f09d001-5bf2-4590-a0bd-428707704446,Evento 36,200.5,Cancelado,Comprador Anónimo
877c10de-4340-4747-aa5f-dda758772371,Evento 9,100.0,Reservado,Comprador Anónimo
21ec848d-cbbd-4ee8-8dc5-4422a300a694,Evento 81,100.0,Reservado,Carlos López
041eb13b-a8d4-4271-894f-aff5a45c53e6,Evento 57,,Pagado,Comprador Anónimo
e5932c1c-7a8c-4c10-8594-c82a850aee52,Evento 27,,Cancelado,Comprador Anónimo
ab4feb2d-0396-435c-9eaf-bd1642768299,Evento 83,,Reservado,Comprador Anónimo
7e2b022f-5975-49d3-a527-e867117341d0,Evento 89,300.0,Cancelado,Comprador Anónimo
5451bff9-ad65-4ac6-a822-9ca710f4226c,Evento 62,100.0,Cancelado,Juan Pérez
15281a24-f0fb-4660-be2d-a65fa4a1e93f,Evento 79,100.0,Pagado,Comprador Anónimo
41adce84-f5aa-4793-8e4d-16b2223e7233,Evento 88,100.0,Pagado,Carlos López
85e84f4a-5e5a-4234-8b5f-163721f1807c,Evento 35,200.5,Reservado,Comprador Anónimo
ec607800-b7b9-4ced-aef8-aec5da4670fe,Evento 11,,Pagado,Comprador Anónimo
cf316314-b97e-410a-9769-8f3d8db5cf96,Evento 4,100.0,Reservado,Juan Pérez
978456b2-e7f5-4e16-914f-13b235221f2c,Evento 58,200.5,Reservado,María Gómez
b0062495-9582-466a-bc1a-148e42bd3e98,Evento 59,100.0,Cancelado,Carlos López
501b7370-440f-4490-b190-633f7ce3e319,Evento 51,300.0,Pagado,Comprador Anónimo
1e76872a-adc3-4758-a4fd-19507c795c96,Evento 51,,Pagado,Comprador Anónimo
79d288c3-9f49-4854-832f-6429c66b22db,Evento 5,,Pagado,Juan Pérez
5b8ae714-a369-49a6-946e-145044e64dfd,Evento 51,100.0,Pagado,María Gómez
a8d5eed4-2b2f-40ef-b216-0a00e139ae2f,Evento 29,200.5,Pagado,Carlos López
b8a88aad-2035-4357-ab5f-f3f7ff6441b4,Evento 47,100.0,Pagado,Juan Pérez
e245e403-2543-436e-a434-6f0069cea189,Evento 81,100.0,Cancelado,María Gómez
055e0745-1bb5-4c6b-9cd6-d8e64641c8bd,Evento 16,,Reservado,María Gómez
09e6a5c7-6102-431a-9d9c-d1c59e0d9d1f,Evento 69,100.0,Pagado,Carlos López
4298cc81-8cd1-486b-9b53-11fe829c0a5f,Evento 56,100.0,Cancelado,Comprador Anónimo
5199e0e2-bf65-4afe-a1f2-70cfea90b834,Evento 68,100.0,Reservado,Comprador Anónimo
5b0ce319-5e72-44d5-88a1-249b24f80654,Evento 40,100.0,Pagado,María Gómez
9cf3ebe8-416d-4c4e-8ca4-cd1bc5ef17dc,Evento 94,100.0,Pagado,Carlos López
04a91cde-7c61-47f1-b99f-7cc032ea0e32,Evento 7,100.0,Cancelado,Comprador Anónimo
92ead7b6-f5d0-47bb-96ab-08ab8fdb6ecb,Evento 19,,Pagado,María Gómez
4232d19f-3b89-4032-b023-c96c6786875c,Evento 63,200.5,Cancelado,Carlos López
9412cba0-1a83-47ed-9f6c-40ff482efb43,Evento 57,100.0,Pagado,Comprador Anónimo
feca5f9f-506b-458b-9ca5-f6c1d19513e0,Evento 82,100.0,Pagado,Comprador Anónimo
6326903f-2329-42d3-91da-3c5bf3c9a855,Evento 98,100.0,Pagado,Comprador Anónimo
dea9214f-6da9-4882-a232-5e37c8fcddc0,Evento 69,100.0,Cancelado,Comprador Anónimo
b2012053-5010-4b30-808b-88a367e95dc8,Evento 98,200.5,Cancelado,Comprador Anónimo
401ec1f8-8876-42b0-a7bf-381148a7bc9b,Evento 88,100.0,Pagado,Carlos López
f176502c-8008-4ead-b91a-c3950dd0c52f,Evento 82,100.0,Cancelado,Juan Pérez
97065dbb-706a-48d8-ac84-c9e40fa3213d,Evento 61,,Reservado,María Gómez
dfb0b29c-d96a-48ca-b8a4-a2115c1b603f,Evento 17,,Pagado,Carlos López
96902704-90f4-4239-b481-794c355a17fc,Evento 90,300.0,Pagado,Juan Pérez
6812e5a8-1028-4cc4-8afe-cd45694f3ced,Evento 29,100.0,Pagado,Comprador Anónimo
845c6173-3625-4339-961f-aaf1b30f6a4b,Evento 13,300.0,Cancelado,Juan Pérez
c4834fb6-b032-4d71-8da6-036b25ea364b,Evento 65,100.0,Pagado,Comprador Anónimo
a39d1ff1-0b13-40ac-bbc8-b592f1b606f7,Evento 35,,Cancelado,María Gómez
c3978070-f2bd-413a-9d1b-b4bbe80e181f,Evento 89,100.0,Reservado,María Gómez
8d8b9891-5c4d-4327-bcb1-bc3ab251ea1d,Evento 27,100.0,Reservado,María Gómez
6dbf6408-96c6-4621-b598-7e26a78690ba,Evento 96,300.0,Cancelado,Carlos López
079e5681-edf5-4a3f-b0cd-633f98886c6b,Evento 61,,Reservado,Comprador Anónimo
0ee5cd1a-d24b-42c5-969c-b47e03c1b4a4,Evento 87,,Pagado,Carlos López
deeac927-5228-4321-baa6-d136abc706c6,Evento 4,200.5,Pagado,Carlos López
03e03b70-f885-488f-9ef6-a4460c05e5a5,Evento 49,100.0,Reservado,Carlos López
662489be-b1e1-4e44-86f5-0a82a52fe6b8,Evento 36,,Cancelado,Comprador Anónimo
3ac5168c-4496-4ccf-8318-25c3dd579f92,Evento 35,100.0,Pagado,María Gómez
33e0eb5b-712b-4287-94e0-fc6755fbe227,Evento 48,300.0,Reservado,Juan Pérez
66bd1ce3-0717-4bd8-aa6b-42ee3edb387d,Evento 95,200.5,Pagado,Comprador Anónimo
3e13b7fe-028a-485c-8bfa-8b4acc3475f5,Evento 87,100.0,Cancelado,Juan Pérez
8e33ebbd-9a4e-4db3-92a5-b322a19c70bf,Evento 21,100.0,Reservado,Carlos López
bd9b6d84-dc4e-469f-8b30-acff2d14bf2a,Evento 73,200.5,Pagado,Comprador Anónimo
331c2904-4691-41c4-b119-42e6514d45b6,Evento 30,,Reservado,Juan Pérez
018a4c16-78e5-4b4c-b776-fbb058ccfa6f,Evento 30,100.0,Pagado,María Gómez
79421511-1383-44df-b6d2-7e822e292d59,Evento 84,100.0,Reservado,María Gómez
70532b99-b454-4e5a-8b47-23a1f5a6a5c5,Evento 33,100.0,Pagado,Carlos López
066e94b6-6a53-4036-bb6b-a9cbf48214c0,Evento 76,100.0,Cancelado,Comprador Anónimo
4b0d977f-db11-4558-af7e-c8cff528eeb5,Evento 40,100.0,Cancelado,María Gómez
f80f291e-cdaa-45cd-8a9e-f4b22a419837,Evento 12,,Reservado,Juan Pérez
55167a6d-d8ee-44bd-be04-7c8c3d412e7f,Evento 13,,Reservado,Carlos López
01a63fc2-44f7-468b-9621-80892b8b9949,Evento 33,300.0,Cancelado,Comprador Anónimo
1cfec109-559f-4b49-ba51-9b0c438a0316,Evento 40,300.0,Reservado,Carlos López
818c3f7b-3eac-44b8-9146-2337cd460ec8,Evento 26,300.0,Pagado,Comprador Anónimo
6cc83d91-6826-424c-a1ae-93868490b800,Evento 13,200.5,Cancelado,Carlos López
49375608-b4bc-445c-a234-33832bc982e1,Evento 46,100.0,Pagado,Comprador Anónimo
0a82aa11-355d-4256-8d29-d4f64a802a01,Evento 62,100.0,Cancelado,Juan Pérez
9cc9b993-7b87-4e4a-b821-ca999595ccea,Evento 7,200.5,Cancelado,María Gómez
03aa10ca-9085-4073-8db4-89647bc5cec8,Evento 34,100.0,Pagado,María Gómez
2f1c7f78-95c2-427d-a38a-8155b87449f4,Evento 13,100.0,Pagado,Juan Pérez
b3dd5799-e0df-4340-8663-9d5e9c4a143a,Evento 31,200.5,Reservado,Comprador Anónimo
a5caed9c-8385-4299-901d-fcc9a35893cb,Evento 86,100.0,Reservado,Comprador Anónimo
8b9c6462-7cd5-4793-9363-e3d426c8e6f6,Evento 48,,Cancelado,Comprador Anónimo
721e3f0d-281f-4eab-8977-12d9aa1a66d4,Evento 44,100.0,Cancelado,Comprador Anónimo
df9486ad-88b0-4aff-9886-f47809459cbb,Evento 65,100.0,Pagado,María Gómez
379170f4-a55b-4d98-ad28-06d3d98588c0,Evento 31,100.0,Reservado,Carlos López
ff67e9de-1998-4561-9e1b-864414c30644,Evento 64,300.0,Reservado,Comprador Anónimo
ea5f60ff-49d0-4edb-9cf2-e59bb2e57c5e,Evento 67,100.0,Cancelado,Carlos López
8a17694e-ab61-4fc0-ba12-8b2c61dc0286,Evento 5,100.0,Cancelado,Comprador Anónimo
1d5691a0-e86e-4984-9e00-ff8e1589f976,Evento 32,100.0,Reservado,Carlos López
c90efad8-38f4-4c6b-a068-34d186f4a9d3,Evento 23,100.0,Reservado,María Gómez
af46f601-3274-4646-92f8-8be9d1b597dd,Evento 61,300.0,Reservado,Juan Pérez
bc5fd0f0-f370-47c0-ad9f-a4ccce9850c4,Evento 21,100.0,Reservado,Comprador Anónimo
b4feb40a-2cfb-4cea-8c91-8062e43f625d,Evento 68,100.0,Cancelado,María Gómez
88af1cf5-a094-42e9-b632-7a75a2918b0b,Evento 36,,Cancelado,Juan Pérez
38fadd61-2801-46e9-8da7-aacdd2697cda,Evento 19,200.5,Pagado,Juan Pérez
754c4d83-d54e-40a7-91a6-ab0367efd958,Evento 61,100.0,Cancelado,Comprador Anónimo
30e8028b-1e75-47d3-9ecc-e5017f501309,Evento 41,100.0,Cancelado,Juan Pérez
701c0999-710f-4665-8c59-ac15681b8ea3,Evento 84,200.5,Cancelado,Comprador Anónimo
19bfd78b-d2aa-4c6e-b79b-caebedff953f,Evento 94,200.5,Cancelado,Juan Pérez
c6a090a8-3475-4567-9ffb-6aa1b725967b,Evento 54,200.5,Pagado,Comprador Anónimo
2b596de5-e8e2-4c4b-ad01-9cfb70c548e9,Evento 11,100.0,Pagado,María Gómez
9bea60e6-2953-4ae3-9716-d0a9809fa9b4,Evento 21,100.0,Cancelado,Comprador Anónimo
252d6a63-1f8c-4e85-8460-724de26c549b,Evento 37,100.0,Cancelado,María Gómez
2791e8ce-3632-4444-9dd5-6f2d127e0f71,Evento 21,100.0,Reservado,María Gómez
6572daf4-b245-433a-b0aa-bbf50edaf237,Evento 32,100.0,Reservado,Comprador Anónimo
c4a890c6-ec2b-44ab-9744-4368ec5ccb63,Evento 32,100.0,Pagado,Comprador Anónimo
767da93e-e699-4587-993a-1d3204b89544,Evento 29,,Reservado,Juan Pérez
de6d601f-62f9-48e2-9605-65330b320b91,Evento 43,100.0,Cancelado,Comprador Anónimo
9421df10-392f-4b5b-ac3e-dad5300c2557,Evento 75,200.5,Reservado,Carlos López
a2680180-633a-4700-91a6-0e98742f9c9f,Evento 14,100.0,Cancelado,Carlos López
9c0ff45d-64f9-4164-9b3a-3260d374d191,Evento 72,100.0,Pagado,Carlos López
434e8544-40ba-48c8-9423-2fd066c21a94,Evento 89,,Reservado,María Gómez
3452c967-08b5-4c6f-8634-a934178a1cf8,Evento 34,,Reservado,Juan Pérez
8cf5a667-603d-44da-aee8-5b0ebeffaa4d,Evento 67,100.0,Pagado,Juan Pérez
b836f7cb-1985-47b3-8ddd-16792d5258ac,Evento 9,100.0,Pagado,Comprador Anónimo
34215285-4b6b-43e7-88d9-80389132fd34,Evento 15,100.0,Pagado,Comprador Anónimo
d6195c73-0652-4905-8636-a184c881321a,Evento 39,100.0,Pagado,Comprador Anónimo
198f6cb4-d04d-488d-9972-ef12c8da57ef,Evento 49,300.0,Cancelado,María Gómez
ae4bd14b-baab-4a8e-ad83-8a4bf394b238,Evento 75,,Cancelado,Carlos López
ba1bb77c-7d6c-419b-bc5c-88b876a65ce8,Evento 80,100.0,Pagado,Comprador Anónimo
e421582c-68d1-4525-8db7-93fe3b126cde,Evento 46,300.0,Cancelado,Comprador Anónimo
1bcb0f30-b53b-4cb3-98f2-4070dacee6ba,Evento 5,,Pagado,Juan Pérez
9d5f9d3f-b0dc-4a3b-bfa4-cc1614b19604,Evento 50,100.0,Pagado,Comprador Anónimo
d1ba8618-3e20-43ca-995c-3ac822c9ff9c,Evento 98,100.0,Reservado,Juan Pérez
4d84568b-3d9a-4ea4-8f5e-ef3776cdae3e,Evento 8,100.0,Reservado,Comprador Anónimo
33189d97-9450-47ba-9c61-0042dacde2f2,Evento 22,,Cancelado,Juan Pérez
091e8d2d-36c7-431f-9a62-0e6dbea39f4a,Evento 35,200.5,Pagado,Comprador Anónimo
8038cd45-71aa-4721-9603-b89730bfc807,Evento 40,100.0,Pagado,Comprador Anónimo
fc1b425a-a6b4-4ddc-b3e4-82d407c81ebc,Evento 50,300.0,Cancelado,María Gómez
7d8b3f62-d351-41ad-8190-169a361f72d7,Evento 36,100.0,Pagado,Comprador Anónimo
9882c503-03a3-4565-9f51-941ff43d4245,Evento 43,100.0,Pagado,Juan Pérez
96b7d100-0ba5-470a-9776-25415f76242a,Evento 31,100.0,Pagado,Comprador Anónimo
c87fa1bf-2d25-4c55-b04b-80f660eb82f3,Evento 51,,Reservado,Comprador Anónimo
65fcbf3a-4e67-42bf-a51e-07933c7d0c12,Evento 28,100.0,Reservado,Carlos López
92802c07-2174-449c-af96-f64efdb9a50b,Evento 30,100.0,Reservado,María Gómez
d19f6dee-1946-4cf3-8239-fcfc6f1a6f80,Evento 47,100.0,Reservado,Carlos López
c403f2b5-e828-4458-9542-77e88f7b4d54,Evento 50,100.0,Pagado,Juan Pérez
bdc0268b-6e7d-4104-bc65-07bc87fc365f,Evento 97,100.0,Pagado,Comprador Anónimo
017e7ff3-d7ec-47ed-9844-7ecc96e96393,Evento 63,100.0,Reservado,Carlos López
ab46d713-8a65-42da-93bf-d24bdb5d447d,Evento 95,,Reservado,Comprador Anónimo
44ad0935-2ac8-4190-a6ec-913f6b7b94fa,Evento 17,,Pagado,Comprador Anónimo
302b47c3-39d1-42a3-8d69-3513e02ef5e4,Evento 94,300.0,Reservado,Juan Pérez
769250d6-b349-46b4-bec6-451df8b8e4f6,Evento 91,100.0,Reservado,Juan Pérez
794d5740-330c-4b81-8c89-f77a996b26a1,Evento 39,200.5,Reservado,Comprador Anónimo
b130017c-ce3c-428f-b3db-71374f524571,Evento 17,100.0,Reservado,María Gómez
1e2daeb1-dc7b-4cd1-8e77-cc64e5d030fb,Evento 22,100.0,Reservado,María Gómez
1720169c-efbd-4957-9744-493a0eefaa66,Evento 19,100.0,Pagado,María Gómez
081a0790-0482-48b3-9675-027777153182,Evento 40,,Pagado,María Gómez
add0a582-8ade-43b2-881b-144fff0beb2b,Evento 78,100.0,Cancelado,Juan Pérez
a519fd02-98d7-446d-b65f-7db243405fef,Evento 37,,Reservado,Comprador Anónimo
8e3b4c14-9195-431f-8501-8a5c9d5dac73,Evento 47,100.0,Pagado,Comprador Anónimo
171f549f-01d7-4343-bdc0-3422b415ba3f,Evento 15,300.0,Reservado,María Gómez
59c567ad-cd96-4380-aaa5-4e5a9fa0e025,Evento 10,100.0,Cancelado,Juan Pérez
2b78a8ea-ffa5-45dd-b429-066ff4906cfd,Evento 18,100.0,Pagado,Comprador Anónimo
960de908-c7f6-429c-96f8-7f9f3fab7670,Evento 73,100.0,Reservado,Carlos López
5de9d1cc-c2c5-49b3-877a-db2914c8758f,Evento 82,100.0,Cancelado,Carlos López
5e85f38e-5092-4432-bc8f-b8c582e686ff,Evento 58,100.0,Reservado,Comprador Anónimo
0f209cd3-d564-4a11-b71d-c184ee23fc2d,Evento 69,,Pagado,Juan Pérez
94f3755d-11ae-4ac6-b770-ebe916d011b0,Evento 95,200.5,Pagado,Carlos López
a9dc678d-391b-47a5-9e84-e42c4dd4ba19,Evento 17,200.5,Pagado,Comprador Anónimo
415c6651-4f3d-4848-9805-d0cfce790aea,Evento 92,100.0,Cancelado,María Gómez
a41d3d55-00d6-4174-9ee1-0a322e047097,Evento 2,100.0,Reservado,María Gómez
6826bf9a-961a-4d25-9400-642d6e43221b,Evento 28,200.5,Pagado,Juan Pérez
cd0eab9c-27c6-42e4-8940-b89f3b88d0d0,Evento 86,200.5,Pagado,Comprador Anónimo
1ae8eb04-8690-4711-9908-017769a95d45,Evento 80,100.0,Reservado,Juan Pérez
2b8ff6f6-74df-4b90-b793-f20df086dbca,Evento 90,100.0,Pagado,Carlos López
fd2aa30d-4562-4288-9cb3-9d28940c219f,Evento 45,100.0,Cancelado,Comprador Anónimo
bc84e686-4d28-4096-8975-4eb512ef60f4,Evento 82,100.0,Cancelado,Comprador Anónimo
0fcfa2fa-7e46-44af-9d0a-aeacfa680415,Evento 92,100.0,Pagado,Comprador Anónimo
63c25f45-c369-4d7c-9e50-f9c82874a2b0,Evento 100,100.0,Pagado,Carlos López
3b776f62-fd73-4358-9486-765b38cb6619,Evento 14,100.0,Pagado,Comprador Anónimo
81fd7759-69ba-4694-b613-0fb63bb4a22a,Evento 50,100.0,Pagado,Comprador Anónimo
0a783bb4-6eda-4fd8-b2bb-30c8a85b5d99,Evento 36,100.0,Cancelado,Comprador Anónimo
e2a9d0ae-86d9-43e4-be13-73da4845bd80,Evento 63,100.0,Reservado,Comprador Anónimo
dc27d81c-19e5-41cb-98db-43f3c1380deb,Evento 97,100.0,Reservado,Juan Pérez
af2925f6-896e-41a7-9b83-f4629c61eff7,Evento 6,200.5,Cancelado,Carlos López
1279b252-6994-45d8-b93d-14fc6cb9a3f8,Evento 59,200.5,Reservado,María Gómez
9edfab1f-89b1-499a-999f-9fb68d825180,Evento 61,,Reservado,Comprador Anónimo
4ce4069f-203e-4254-8a1b-5fe0863a36ad,Evento 91,100.0,Cancelado,Juan Pérez
a362df63-643f-4eb3-a774-a9c4245ce658,Evento 2,300.0,Cancelado,Juan Pérez
0a74cc7d-e948-4c80-890d-1efafef9f3ad,Evento 28,300.0,Pagado,Comprador Anónimo
b7d0512d-cd2f-4291-b0d2-a21930efddda,Evento 49,200.5,Pagado,Comprador Anónimo
4250de30-7bef-4047-bd77-a15b3d1f0e82,Evento 4,200.5,Pagado,Comprador Anónimo
a2ea76d5-e807-40d9-825b-e9040df4251c,Evento 13,,Cancelado,Carlos López
534a6a9f-ec07-45bc-b732-0bf55962a938,Evento 35,100.0,Pagado,Comprador Anónimo
fbd7cc8d-160e-4f6a-9172-bc859d72098c,Evento 73,100.0,Pagado,Comprador Anónimo
9572dabb-bd88-443a-8956-a36e2e7569b9,Evento 37,100.0,Pagado,Comprador Anónimo
39ec74e5-381c-4b70-85c7-b031733874a9,Evento 85,300.0,Reservado,Carlos López
55bb40d5-dfee-4f67-adda-a36abc2bb79b,Evento 53,,Pagado,Comprador Anónimo
5abffbe0-e977-4e1f-a0e1-8b9fe39883bd,Evento 27,200.5,Reservado,Carlos López
15578805-c803-4902-8385-691cfefe91e3,Evento 86,,Cancelado,Comprador Anónimo
fff6fe8d-7209-4bf1-845a-a060aa3a5638,Evento 31,100.0,Cancelado,María Gómez
2da3fa9a-7f13-40a9-9a0b-ceb0c2fb566c,Evento 22,,Pagado,María Gómez
98b64905-acef-4a5d-af30-a7d50a036c95,Evento 25,100.0,Reservado,Comprador Anónimo
d2041b4f-770b-41e7-9475-2c248185d833,Evento 92,,Pagado,Juan Pérez
ba45f57f-8c8e-4674-9312-f28517d251df,Evento 73,100.0,Reservado,Comprador Anónimo
4b7224f2-1685-4fed-986f-b1ef663eb378,Evento 69,100.0,Reservado,Comprador Anónimo
ece35d05-44a1-452d-8259-115ab3a0ebdf,Evento 85,,Reservado,Comprador Anónimo
421ba062-183e-4399-b57f-72f8885c10bb,Evento 42,100.0,Pagado,Carlos López
7d4d1651-a904-4966-a7c2-8596b0ea5d49,Evento 13,100.0,Reservado,Comprador Anónimo
d02a6209-71c6-4724-8df4-f96e63644af2,Evento 18,300.0,Reservado,María Gómez
890c866d-2d77-4f37-8a25-d1262aefa5f2,Evento 20,,Cancelado,Comprador Anónimo
1af1797e-fd55-4481-8e49-3443285e54db,Evento 33,300.0,Cancelado,Comprador Anónimo
4fe71254-75ca-4040-bfab-a81f44c871c0,Evento 82,100.0,Reservado,Comprador Anónimo
4f3f777c-4e61-4c47-b919-6d10003b37b6,Evento 68,100.0,Pagado,María Gómez
fa2a1673-d98d-4348-b27b-f0253bf23dd1,Evento 50,200.5,Reservado,Comprador Anónimo
1646e406-4007-4dc4-9be3-ee91a1f6ecc3,Evento 69,,Cancelado,Carlos López
0e2a3f33-8fb6-4114-adac-0e80b53d4321,Evento 74,100.0,Cancelado,Comprador Anónimo
bb8dc185-cfd6-4307-a835-a4d2bddf36e6,Evento 79,100.0,Pagado,Comprador Anónimo
bf04d420-6a34-48eb-afd2-62dd413562cf,Evento 29,300.0,Pagado,Juan Pérez
95c47303-b22e-4d99-9cb7-c1ad27b60498,Evento 76,,Cancelado,Carlos López
69853cac-98d6-48b3-a38f-e44071cf8d10,Evento 10,100.0,Reservado,María Gómez
25959484-9902-414e-8b6a-0fac4711b311,Evento 15,200.5,Pagado,Comprador Anónimo
cb102e4a-89e5-4517-bcff-486bd91cee14,Evento 75,100.0,Pagado,Carlos López
e4d5c516-3214-46dc-bb45-62323df06a89,Evento 80,300.0,Reservado,María Gómez
9bbfa450-46a9-4368-8fba-346016a92f74,Evento 41,100.0,Reservado,Carlos López
a839f9dd-4159-44bf-97c7-32587be92780,Evento 50,,Reservado,María Gómez
a60fd9c7-63fa-4749-bc4f-76aebc0f4ffa,Evento 44,200.5,Reservado,Juan Pérez
5cb01473-06aa-42e1-a2ee-a816243411fc,Evento 95,100.0,Pagado,Comprador Anónimo
7d05ec14-173f-483b-aa6b-80e767e74460,Evento 74,,Reservado,Comprador Anónimo
794549f7-43bf-403d-a8b7-df836b83e7e6,Evento 84,200.5,Pagado,Juan Pérez
3941e540-115b-4c13-bd30-46eba189dcf2,Evento 65,100.0,Cancelado,Comprador Anónimo
9cbe5e52-b422-4036-89cc-f4a063300d9f,Evento 47,,Pagado,Carlos López
ca208750-f05e-4fa1-a8fb-9e2f4cbf1110,Evento 44,100.0,Pagado,Comprador Anónimo
27cdf610-86a3-4517-9c1d-2dfdd0f24eea,Evento 51,100.0,Reservado,Juan Pérez
6b3aaaab-739b-48aa-a2fc-8fe10df22757,Evento 37,300.0,Pagado,María Gómez
bf78db77-7ccd-44df-91bc-4ad1036c2847,Evento 7,100.0,Pagado,María Gómez
97dbb6d8-bc3c-43ba-b1db-d3e9576a234b,Evento 93,,Pagado,Juan Pérez
a01f6141-fcd4-4628-a5d4-986a440cd7d6,Evento 90,300.0,Reservado,Comprador Anónimo
6029dc26-d430-4c21-9919-7ac9de45d56b,Evento 84,,Pagado,Comprador Anónimo
542ac25a-9d3e-44bc-af0b-57dff364b9ce,Evento 31,100.0,Pagado,Carlos López
060ea92d-2f21-47b6-ae1b-6a5147791c12,Evento 21,100.0,Pagado,Comprador Anónimo
9901524f-782f-40c8-b295-a7ace8f2ec1d,Evento 11,100.0,Cancelado,Juan Pérez
a6d052c3-8526-42b3-a594-ae926ac1de9e,Evento 39,200.5,Cancelado,María Gómez
57f8e1fb-7c14-4434-a911-0bf1fc375f43,Evento 21,300.0,Cancelado,Carlos López
86fbb13d-525b-4e61-a973-1a92be25cdc1,Evento 70,,Pagado,Comprador Anónimo
6359cf80-d0ad-4389-bfc6-27fd0980362f,Evento 73,300.0,Reservado,Comprador Anónimo
7bae6768-f078-4fae-875a-f862de609178,Evento 68,100.0,Pagado,Comprador Anónimo
88b4612a-db18-433b-8a05-554510c27a1a,Evento 56,200.5,Pagado,Carlos López
3053bcac-bffd-4b4c-9bfe-8dee9cd38998,Evento 60,200.5,Cancelado,María Gómez
5540adca-579a-4942-a576-84efe69569a4,Evento 5,100.0,Pagado,María Gómez
806f1c4b-8611-4b7d-a171-74df42f7f132,Evento 30,100.0,Reservado,Comprador Anónimo
c2d8d831-99ad-4271-9ff3-23a6cb0ca59c,Evento 83,100.0,Pagado,Carlos López
d8a03748-6492-4be6-b2f4-d9e7a7c502d2,Evento 71,100.0,Cancelado,María Gómez
fe0e0daf-73e6-45de-b1c8-7d3a93c00d66,Evento 77,100.0,Cancelado,Carlos López
6e846fef-722a-4f98-a3ff-dfe9b2e1df44,Evento 15,200.5,Pagado,María Gómez
d284a93d-4ed0-4f5a-8544-e3a663cbfcb3,Evento 24,100.0,Reservado,Juan Pérez
1ea55fa1-ea11-4056-b80b-2bceb886ed1f,Evento 97,100.0,Pagado,María Gómez
86fb6f01-4e6d-4258-8b04-a5d68f94d576,Evento 44,100.0,Reservado,Juan Pérez
ad6080a0-cfbe-463d-876b-bca778cea3a5,Evento 84,100.0,Pagado,Carlos López
b4202e72-7513-4472-97fe-9e5642de184d,Evento 24,,Cancelado,María Gómez
65fc77f9-f734-418d-be63-96467885448f,Evento 86,100.0,Reservado,Juan Pérez
b745ea0b-72fc-439d-bcd0-6d12ae0ecb09,Evento 22,100.0,Cancelado,Comprador Anónimo
8e977386-daa1-4a96-83e7-47eafde3dca6,Evento 86,100.0,Pagado,Carlos López
915b3b11-efbf-45c8-8c3f-ac18f5f787b8,Evento 7,300.0,Reservado,Carlos López
d6e83091-c63c-4e4f-855f-3ac190318e81,Evento 43,300.0,Reservado,Carlos López
62b622f6-4267-4102-8a1a-061e4b92c491,Evento 58,,Pagado,Juan Pérez
514d400c-d956-496a-8a1d-af4c50314f6e,Evento 48,300.0,Cancelado,Comprador Anónimo
55ed3673-b267-4968-b9ab-949f474ae6bd,Evento 85,200.5,Cancelado,Comprador Anónimo
7737eb3c-4dba-4091-82dd-4b728a772e30,Evento 40,100.0,Reservado,María Gómez
7d1e076a-2b18-458c-9812-f036cfb4f2b6,Evento 37,200.5,Cancelado,Juan Pérez
e267e380-1b79-4bcc-bdbe-529b74f5fd8f,Evento 11,200.5,Cancelado,Comprador Anónimo
cd0c36a5-da34-42d1-a304-4b1c77051794,Evento 43,300.0,Cancelado,María Gómez
381ab1dd-a104-4830-b856-7690ca266275,Evento 36,100.0,Reservado,Comprador Anónimo
a5285dd1-c8c4-4354-8dc3-036ec3c3ea99,Evento 16,300.0,Cancelado,María Gómez
ea8344fe-c03f-4c96-bd79-af48b0eb100a,Evento 60,100.0,Pagado,Comprador Anónimo
023eadec-fe5c-4dd7-9ad3-9ba8e62acf2b,Evento 47,100.0,Pagado,María Gómez
a8aa26fa-f9ea-40fe-b212-402d0e6f10ae,Evento 72,100.0,Pagado,María Gómez
db4faf79-7e8d-4d0e-afc3-296f0fb618f6,Evento 51,100.0,Reservado,Carlos López
66142567-411e-41d1-b4e7-3eb56d334496,Evento 40,300.0,Reservado,Juan Pérez
c2d58a11-21b3-46e7-b5e7-8f753ddc3fe3,Evento 37,300.0,Reservado,Comprador Anónimo
b41acafa-206c-4931-ab14-6f8310f10f13,Evento 68,200.5,Pagado,Comprador Anónimo
cbb803ea-5f52-4f8e-ba52-d06034f89f2a,Evento 9,200.5,Reservado,Juan Pérez
76442d24-150f-4e2c-9581-7c8df60b2f9f,Evento 23,100.0,Reservado,María Gómez
243b0ae3-cc5e-4381-b75f-6290d8fbf80e,Evento 11,100.0,Pagado,Comprador Anónimo
2bdc64f5-d637-4e9b-a3e7-5983b4d8a664,Evento 88,300.0,Cancelado,Carlos López
849b7ac1-e8be-4e34-9d36-c9aa9edd602c,Evento 92,300.0,Cancelado,María Gómez
fea440f7-7069-408f-9168-8ca931ed5773,Evento 50,,Cancelado,Juan Pérez
4b2ee696-7743-409a-a39a-e0a30753b9e3,Evento 49,100.0,Reservado,Carlos López
396c0df6-3183-444b-8f53-5228662bd0e5,Evento 96,200.5,Cancelado,Comprador Anónimo
7bacb8a4-bfd2-44e8-946e-1a06640862f8,Evento 88,300.0,Pagado,Juan Pérez
2b8d1115-622b-46f9-9c1e-c04fbc2ca147,Evento 77,,Pagado,Comprador Anónimo
5470c1e1-c098-4a29-befc-4bf439ee6c59,Evento 83,300.0,Pagado,Carlos López
8dab0b1f-0bc9-4a45-8a1c-4ff3d653cec1,Evento 16,100.0,Cancelado,Comprador Anónimo
c545c40d-59ef-4d43-afd2-199a262539bf,Evento 62,,Cancelado,Comprador Anónimo
e74bbb9f-6318-4019-be4b-3d9009bdc4c2,Evento 98,,Pagado,Comprador Anónimo
575ebecb-9dfe-4856-ba55-3bdcf2379963,Evento 6,200.5,Pagado,Juan Pérez
37a748c9-67e0-43a1-9306-a0bf65eef11e,Evento 62,100.0,Pagado,Juan Pérez
1594d983-5b3f-4b67-830f-f13cdbf1b86d,Evento 24,300.0,Reservado,Carlos López
8b55dae8-57fc-46e3-b406-5ac5aca0b2d0,Evento 37,,Cancelado,Comprador Anónimo
1e2d4a58-6692-4a5d-ad9c-9dd1fad5f6ba,Evento 7,200.5,Reservado,Carlos López
9268045c-9252-4d20-865e-2d05677b5b87,Evento 29,100.0,Reservado,Comprador Anónimo
652f8256-336b-4eed-81cd-b9a31c38b330,Evento 16,,Reservado,Comprador Anónimo
05ca0e2f-9356-4963-adc6-27352f0c9e93,Evento 34,300.0,Cancelado,Comprador Anónimo
486efb75-9860-400e-968e-cc19dacb4a99,Evento 21,100.0,Pagado,Comprador Anónimo
e39ab2b8-4eb8-4a2c-8bfe-0ff10d8989fd,Evento 1,200.5,Pagado,Juan Pérez
2fd92ea2-efda-4457-8a95-41f10b7459c0,Evento 64,100.0,Reservado,María Gómez
01c6be2e-c96c-45ea-9bb8-da5108f6771e,Evento 43,,Cancelado,Comprador Anónimo
81c7bf5f-4179-476b-9c25-94d34f52d09e,Evento 22,,Reservado,Juan Pérez
aa44a160-d9ec-4eef-961b-626dd290800e,Evento 37,300.0,Cancelado,Juan Pérez
20891706-873a-4b90-a0c2-b21a81ac67ca,Evento 95,100.0,Reservado,Comprador Anónimo
6bae5419-2545-4020-b33e-4e20b7190bd4,Evento 39,100.0,Reservado,Comprador Anónimo
8848c25b-c8da-4994-b241-886cc94e328a,Evento 70,100.0,Cancelado,Comprador Anónimo
22e299ca-aad5-436a-a658-80ccdf7d8e38,Evento 64,,Cancelado,Juan Pérez
db9e0caa-4724-4a1d-ab9b-43fb84ed9408,Evento 11,300.0,Cancelado,Carlos López
99f0b835-fbb1-4a39-89cb-3691e5fea161,Evento 19,100.0,Cancelado,María Gómez
a0a034ab-521e-4969-9529-f69bf6c29283,Evento 21,100.0,Pagado,Comprador Anónimo
25ea4aa6-1d5b-4133-a273-90cf93af1f7c,Evento 13,100.0,Reservado,Comprador Anónimo
72eab0cf-ba3a-4661-8637-e64a50475a68,Evento 96,200.5,Pagado,Comprador Anónimo
00e3340d-f06d-4776-92eb-0252143a7c8a,Evento 8,300.0,Reservado,Comprador Anónimo
77cd0480-e975-45cb-9763-eb127a8b82d8,Evento 4,100.0,Reservado,María Gómez
9425ab60-bd65-4522-9bc4-1f6c2d7dd3c7,Evento 74,,Pagado,Comprador Anónimo
399a0321-6155-47c7-bbcb-75ce10f1f9d4,Evento 70,,Reservado,Comprador Anónimo
32c6409a-62e9-470a-b639-864343bd66f7,Evento 58,100.0,Cancelado,Carlos López
a7f7daff-935a-4d04-8ca6-95c30278120a,Evento 23,200.5,Reservado,Carlos López
118f117b-22fb-4927-9426-8fa93e5c88f0,Evento 43,300.0,Cancelado,María Gómez
a9c6ee88-8334-4c39-a3c8-6dd6f5d82941,Evento 80,100.0,Pagado,Comprador Anónimo
6e698608-573d-4d66-8f20-4c0a396e5eed,Evento 57,300.0,Reservado,Carlos López
89bcead5-5143-4d0d-a144-781e4cae6498,Evento 85,200.5,Pagado,Juan Pérez
b2c693fb-3c94-4d57-ae40-02b0e8d272cb,Evento 85,100.0,Cancelado,María Gómez
ffd07ae3-f9a6-4d74-97d9-d1c276bc436d,Evento 25,200.5,Reservado,Comprador Anónimo
f31d574e-6ad1-4f99-98fc-36e4baad98eb,Evento 10,100.0,Pagado,Juan Pérez
42b9feb4-aff1-4d34-bcaa-5f9f94dd81c5,Evento 15,100.0,Cancelado,Comprador Anónimo
53bf3506-e83b-4743-a621-3b58db6a72f8,Evento 98,,Cancelado,Carlos López
5a63c881-80bd-40dc-8ea2-721d01c57ee9,Evento 61,300.0,Pagado,Comprador Anónimo
71342351-ea5c-4a63-8a43-2b55f32e47f5,Evento 6,,Pagado,Juan Pérez
00ee1449-5fb4-421d-a71d-147f1df4c7cb,Evento 50,,Reservado,Comprador Anónimo
b31f60a3-cb7c-44c4-8a10-44e50e629ed4,Evento 69,100.0,Pagado,Carlos López
b7a1ba39-a57a-48f7-a853-80015dcff632,Evento 22,100.0,Reservado,Comprador Anónimo
2a1f5d40-2eeb-40ab-9187-c860e514ec6e,Evento 48,100.0,Pagado,Juan Pérez
f62b6454-ccf9-4625-a951-001435973c6d,Evento 84,100.0,Reservado,Carlos López
24e51cce-f349-4b20-ba3f-8eba1f2f9947,Evento 28,300.0,Reservado,María Gómez
13d0ea3c-62e0-42a4-a02b-e122a593395a,Evento 71,100.0,Cancelado,María Gómez
f045b3c1-da43-4a8f-8f83-12462e10dd48,Evento 94,300.0,Reservado,Comprador Anónimo
852f3cba-d410-4abc-92f6-bc678c498b8a,Evento 40,300.0,Reservado,Juan Pérez
eb63aae7-f845-4948-92f2-1144d9eb257b,Evento 34,100.0,Reservado,Comprador Anónimo
dbe27609-2a74-4592-a49e-8f989457dbce,Evento 10,100.0,Cancelado,Comprador Anónimo
7b3eb2ca-229c-4ce1-9b11-e781d59f997a,Evento 54,100.0,Reservado,María Gómez
9efccbbc-516e-48e3-b295-82ce189392ae,Evento 10,100.0,Cancelado,Carlos López
ac65f691-0fd0-42f7-a3d5-9ebf58accfed,Evento 19,,Reservado,Carlos López
66467091-1ad1-49d6-9c84-a584d21aa390,Evento 41,300.0,Pagado,Comprador Anónimo
7aebe7e7-e96a-48e3-bf10-930f695a934b,Evento 23,100.0,Reservado,Carlos López
b6af7d7a-be4c-4de2-8d62-99a0591629c9,Evento 5,100.0,Reservado,Comprador Anónimo
986c3f5a-0afa-4900-baaa-8cc4dbeb7644,Evento 55,,Pagado,Juan Pérez
816be0ac-0c5d-4c27-80e5-43fc0e9dfea5,Evento 22,100.0,Cancelado,María Gómez
442823b9-7b96-4c9f-92fb-b9c2245e127c,Evento 34,,Pagado,Juan Pérez
e8f51959-5a63-407c-9847-2b57fdade127,Evento 44,100.0,Cancelado,Comprador Anónimo
c86bfdd9-871f-4c26-a219-df1a85ba921e,Evento 5,100.0,Pagado,Carlos López
856272a0-c1e1-40e5-93ca-97cdedba8633,Evento 27,,Pagado,Carlos López
f74e8ec9-8fb0-4ff3-a6e8-f326bf212cf6,Evento 99,100.0,Pagado,Carlos López
ab10a819-4742-456d-b824-02b10b2bbdc6,Evento 83,300.0,Reservado,María Gómez
0d3db2fe-39c2-401d-9fae-441a3cc69d1e,Evento 28,100.0,Cancelado,Juan Pérez
509dc5c9-6a50-4189-8f9c-2138392027d6,Evento 13,,Pagado,María Gómez
5cdb7ff0-77aa-4ac8-8f23-168865215b75,Evento 9,200.5,Reservado,Juan Pérez
e4d48f7b-99b8-4cec-99e0-335d6c0cdbf6,Evento 75,300.0,Pagado,Comprador Anónimo
1482279a-e8fd-4451-8b22-26435f0a0193,Evento 67,,Cancelado,Comprador Anónimo
eccb5d08-c2b3-4199-bf30-56f592a060ff,Evento 19,100.0,Cancelado,Comprador Anónimo
3d9ae779-dd77-4838-b3d1-0ced83db86b3,Evento 17,100.0,Reservado,María Gómez
d0a779ae-baec-48a2-be4a-4aeeb6c68018,Evento 54,100.0,Cancelado,María Gómez
fa749210-e2b0-43eb-abb5-3627d9c80b26,Evento 83,100.0,Pagado,Comprador Anónimo
7078cbd3-a827-4ded-a175-37264167aff5,Evento 85,100.0,Pagado,Comprador Anónimo
fbbff6e8-6a90-41e1-bd22-fa9edf3a9e06,Evento 67,,Cancelado,Comprador Anónimo
82cd2392-3463-4a8f-8163-78a7269fade0,Evento 57,100.0,Cancelado,Juan Pérez
1e2a0291-480e-4f0e-a0d5-610c5d6e5dd2,Evento 78,200.5,Cancelado,Carlos López
a541c74a-702f-4ead-8e2e-7e8f52bfd4d6,Evento 97,300.0,Cancelado,Comprador Anónimo
741296ef-f4db-4f1f-bcf8-d11be2a95fb2,Evento 26,200.5,Cancelado,Comprador Anónimo
f13d2da3-5cb6-4d07-b0cf-90c38ab99a59,Evento 72,,Pagado,Comprador Anónimo
8722a4ab-44fc-4198-8953-7b9c50736a8f,Evento 20,200.5,Pagado,María Gómez
35f442f6-9ea7-4b13-a24e-0ea77f868d93,Evento 66,200.5,Reservado,Juan Pérez
5bba0933-17f4-48cb-bbd7-2016c1b9df1e,Evento 50,200.5,Cancelado,Carlos López
8855fa0f-6516-48cf-8f7d-f04b24d1e4f8,Evento 11,100.0,Reservado,Carlos López
591c4817-0954-40d6-8481-7b939b87bf3a,Evento 73,300.0,Pagado,Comprador Anónimo
85c50786-375c-4ae2-bb5a-9b02c257ecae,Evento 74,100.0,Reservado,María Gómez
584b6709-a4cd-41a0-be71-16eafc699dd8,Evento 4,,Reservado,Carlos López
f935553a-c9d5-439d-9cca-eeee079c5782,Evento 77,100.0,Pagado,Carlos López
9b7d5f3c-df8d-4884-ab81-ac8102f4fce9,Evento 3,100.0,Reservado,Juan Pérez
cd0e4cc7-e4c0-4150-bbc9-8abea4bc8156,Evento 96,100.0,Pagado,María Gómez
09a729d4-a6e8-4264-b1a0-8a523dfff70f,Evento 56,,Cancelado,María Gómez
5214ff89-682f-4c1d-af42-f588b0619e1c,Evento 38,300.0,Pagado,Juan Pérez
146f7d74-db3e-47ce-ac7e-862aca594271,Evento 91,100.0,Cancelado,Juan Pérez
00589d57-0b00-4288-8a1b-b31c3606b938,Evento 85,,Reservado,Juan Pérez
ae3a1fb2-7684-4e60-9989-77b68f130454,Evento 6,100.0,Cancelado,María Gómez
a3411168-3217-41dc-8925-2317416e9189,Evento 100,100.0,Pagado,Carlos López
2086fd26-6886-4208-af24-1b153acae148,Evento 94,200.5,Reservado,Comprador Anónimo
34c79372-e356-48fa-a729-96d0475183f4,Evento 46,100.0,Pagado,Comprador Anónimo
8b532439-5758-45e9-82f8-79e6ed7885e4,Evento 32,,Pagado,María Gómez
0404ddfd-0231-4905-afe9-e5ee417b7c61,Evento 16,100.0,Cancelado,Comprador Anónimo
f82586d3-4d38-47f1-adb8-c7ebe4b37de4,Evento 6,100.0,Reservado,Juan Pérez
ebb843d0-b5d1-4460-89de-6397ee8ad924,Evento 28,,Cancelado,Juan Pérez
db244c25-d3d6-4f5b-9556-1d9ec092d84e,Evento 86,100.0,Cancelado,Comprador Anónimo
4ccb8804-7d77-4737-9d0e-5e5b79d7587c,Evento 84,300.0,Cancelado,Comprador Anónimo
a1e88bb4-fbb5-411c-a210-09154b42107b,Evento 81,,Cancelado,Juan Pérez
36e44761-b698-4639-9b44-7e61272de277,Evento 95,,Pagado,Comprador Anónimo
ae0e6a6f-750c-4ad1-a3aa-d417941c4bcf,Evento 7,100.0,Reservado,Comprador Anónimo
536e74a6-7adf-4941-8765-594c22c6b571,Evento 76,100.0,Reservado,Comprador Anónimo
ff7c8bf9-6084-451b-9023-f30000f8cba6,Evento 47,100.0,Pagado,María Gómez
c58cc5da-7693-4b82-a95d-140cca7fbd92,Evento 79,100.0,Cancelado,María Gómez
b29ffe23-1cd6-41a4-8ce7-1976a52fee20,Evento 19,,Pagado,María Gómez
4d2d9587-0112-42fa-b0fb-72f655856809,Evento 41,100.0,Reservado,María Gómez
0914b752-2a71-4ae9-85cd-e0e871261327,Evento 56,,Reservado,Juan Pérez
c92550cf-f45c-4557-8fe8-7344cb64cb0b,Evento 98,200.5,Cancelado,Carlos López
ee0eb3e0-8dcd-4890-86eb-04f375f08225,Evento 5,200.5,Pagado,Comprador Anónimo
54e58721-b049-412a-aaaf-d55facfc0d44,Evento 81,100.0,Pagado,Juan Pérez
6085a51a-63aa-4845-98ab-b37d686ece86,Evento 30,100.0,Cancelado,María Gómez
8fb95f52-a875-4ef2-a789-10410aea9e61,Evento 48,100.0,Pagado,Comprador Anónimo
81c58b60-3ebe-4cf1-91ff-6593fe68ad0a,Evento 73,100.0,Pagado,Comprador Anónimo
7a8852d3-edc5-47ef-a838-782add09edf2,Evento 54,100.0,Cancelado,Carlos López
6063af6d-4ee4-49d8-8e13-2fe49dc9c8cf,Evento 65,100.0,Reservado,Carlos López
388da4c5-f868-4a16-827d-9abb54f0f854,Evento 39,100.0,Reservado,Comprador Anónimo
bba04c92-74bd-45ce-9c0d-5dfa8a8ff452,Evento 59,100.0,Pagado,Juan Pérez
5bc99667-0e20-4f69-97ab-465e6f045dab,Evento 52,300.0,Reservado,Carlos López
36798481-bc55-47c3-9075-75b62d28bd15,Evento 81,100.0,Pagado,María Gómez
e58227af-000d-4b16-b28e-d2d76b87836e,Evento 69,200.5,Pagado,Comprador Anónimo
6ff2c778-673b-44ad-9f22-1ec977bb6c24,Evento 6,300.0,Reservado,Comprador Anónimo
ba7d509e-d260-4808-9f26-851e0e7568e5,Evento 1,100.0,Reservado,Carlos López
ffda8795-3527-48c3-be44-4b5290957093,Evento 90,100.0,Cancelado,Juan Pérez
718b7756-a16e-4f42-99ce-b1db05a4f927,Evento 93,100.0,Reservado,Juan Pérez
5594432d-1a70-4ef7-b043-8aafb33f6934,Evento 58,,Reservado,Comprador Anónimo
5e2425ef-6a4b-4d1c-aafe-b3d468c6a470,Evento 59,100.0,Cancelado,Comprador Anónimo
d3b1b6f0-e1f3-4747-bb96-9d3a3c9de653,Evento 69,100.0,Cancelado,María Gómez
31ed1924-e621-4698-93ce-97c0b8f3d9c1,Evento 88,100.0,Cancelado,Comprador Anónimo
066ed834-b3bc-4311-a64e-883b93a6d3a4,Evento 3,200.5,Cancelado,Juan Pérez
acf3a056-63e9-40f6-a573-921b1fdcb33b,Evento 35,300.0,Pagado,Juan Pérez
d7dbdf90-67fe-4de7-a603-437e9c3b1a12,Evento 30,100.0,Pagado,Juan Pérez
54a5aa6b-ce5f-4df9-9620-dd558f0806c8,Evento 59,,Reservado,María Gómez
5509a7d8-0c18-4985-ad87-3a857d9be6a8,Evento 49,,Cancelado,Carlos López
7a623878-df92-47e8-afe7-cc4b58ce78d4,Evento 65,100.0,Cancelado,Comprador Anónimo
82146fcd-64f2-4e81-9b23-841e686d1cc1,Evento 82,,Reservado,Juan Pérez
a6e1fcbb-c847-4b51-b85e-28923a7b8812,Evento 10,100.0,Reservado,Comprador Anónimo
ca536cff-12f1-4d36-9eb4-af4e847ac927,Evento 20,100.0,Reservado,María Gómez
df4f62a4-c62d-43d9-94c3-5cae7a070497,Evento 84,,Pagado,Comprador Anónimo
62fd33ce-2bc6-448a-98a7-202db871488f,Evento 23,300.0,Reservado,Juan Pérez
22649453-47e4-494e-9362-78da07be733c,Evento 16,,Reservado,Carlos López
e7cbcdf2-a3ad-482a-a3d1-56896650069a,Evento 97,100.0,Reservado,Juan Pérez
f0cad7a3-a33a-434a-9026-4676f0b1f748,Evento 2,100.0,Reservado,Juan Pérez
cf3bd466-57d2-465a-9416-3f4c8c55da61,Evento 84,300.0,Cancelado,Carlos López
6757a75e-2388-4638-8f34-c1380abdc1ed,Evento 21,100.0,Cancelado,Comprador Anónimo
33d813af-d42a-4905-8893-b5f87ff7dac2,Evento 92,300.0,Cancelado,Comprador Anónimo
16bd0f0b-458c-4d79-b169-a67887ef9d19,Evento 28,,Cancelado,Carlos López
6097928c-1080-4ecf-a913-9343b6c9cc26,Evento 68,100.0,Cancelado,Comprador Anónimo
63e2eee7-8635-4389-8cea-40691254a56c,Evento 44,,Reservado,Comprador Anónimo
a5ce3081-3a37-4d73-84c1-1c110228a239,Evento 60,300.0,Pagado,María Gómez
a5b44e07-b3b0-4660-bfa4-86a6de198a76,Evento 79,300.0,Cancelado,Comprador Anónimo
d1b2829a-848c-4d7f-a38a-c5cca792bea3,Evento 63,200.5,Reservado,Comprador Anónimo
bca2ce78-c54c-4ad4-848c-a65763514131,Evento 42,200.5,Pagado,Comprador Anónimo
e6fdc83a-3124-4fe6-8d36-db20165c3385,Evento 18,200.5,Cancelado,María Gómez
06131278-376b-40c5-8eab-59c626d57c4a,Evento 2,100.0,Cancelado,Comprador Anónimo
5c6fb801-140b-47d4-9f9c-3055be6e6323,Evento 41,100.0,Cancelado,Juan Pérez
4c438b57-b0ca-4f88-8563-2352b89ce102,Evento 59,,Pagado,María Gómez
56075fa5-e6c2-41d4-b9ac-cb797a747118,Evento 31,100.0,Cancelado,Carlos López
1f8f5c58-651c-43d6-9b66-bab2a61730ee,Evento 8,100.0,Pagado,Comprador Anónimo
75274235-d3e0-4002-9fcb-dddec9b681e9,Evento 43,100.0,Reservado,María Gómez
30c6e85c-0b31-4c2c-809b-117e50e67ad2,Evento 1,,Cancelado,María Gómez
1ab779ed-790b-4ec4-a9e7-6bf0bc912e9c,Evento 26,100.0,Cancelado,Comprador Anónimo
d723d4de-b6d3-417f-b915-1386d4425a0b,Evento 1,100.0,Pagado,Carlos López
c84715b5-a597-450a-bd43-a0ccef1c99ef,Evento 19,300.0,Reservado,Carlos López
9992801e-787b-43ee-a4cb-510f7d18901f,Evento 41,100.0,Pagado,Comprador Anónimo
98da66a1-c450-4dc2-84cf-ba724e823040,Evento 59,100.0,Pagado,María Gómez
05481675-a71c-4a5e-89e0-5e1158011f52,Evento 54,200.5,Reservado,Comprador Anónimo
701edf52-08df-4be6-a0a8-968845c45952,Evento 55,100.0,Reservado,Juan Pérez
c923c87b-593d-47a1-a3b4-e33cd293fd56,Evento 45,100.0,Reservado,Comprador Anónimo
657e092e-94b4-4138-8fe2-b5363ade42c9,Evento 70,100.0,Cancelado,Carlos López
e7f9f524-0d28-41d4-98b6-3ceec909c8b8,Evento 52,100.0,Cancelado,Carlos López
c801521c-d507-451a-9d28-8abdfe310717,Evento 43,200.5,Pagado,María Gómez
a4e7dae2-015b-4fa9-8d6e-6a66fbd5f8c0,Evento 14,100.0,Pagado,Carlos López
c421a856-9fe1-4cd0-af3d-6f48d0922248,Evento 76,200.5,Pagado,Carlos López
2b99b25e-cb6d-42b5-8504-777253f10032,Evento 77,100.0,Pagado,Juan Pérez
99f4cc68-d8f9-4441-935b-a89f1fcbc245,Evento 2,100.0,Pagado,Carlos López
64c997ce-7f33-4a6b-a4af-3c4eded8de15,Evento 74,200.5,Pagado,Comprador Anónimo
f28cace5-2b0d-4f31-869d-8c0ca5d880ae,Evento 36,100.0,Cancelado,Comprador Anónimo
8e3febc9-d83a-4b54-a8ef-e6026a663ed6,Evento 64,300.0,Pagado,Juan Pérez
68184f49-6ff1-45b2-8206-4663b73f6985,Evento 42,200.5,Cancelado,Comprador Anónimo
4fc1b359-a912-4019-8b41-c0d6b1bdecf4,Evento 14,300.0,Cancelado,Comprador Anónimo
e335a623-75db-4a0c-b244-3960328ff541,Evento 55,100.0,Pagado,Comprador Anónimo
c06a0e96-73bd-4b68-9428-8c41f3221239,Evento 19,100.0,Pagado,María Gómez
f698aa3a-7a19-4f0a-a651-1f37bc17dd92,Evento 24,200.5,Cancelado,Juan Pérez
2b8cb746-d748-4f5e-bc17-f97a2ca0a015,Evento 50,300.0,Reservado,Comprador Anónimo
d179f359-58de-45c4-a3b1-9618c249c575,Evento 62,200.5,Cancelado,Comprador Anónimo
62d6f138-d72f-43eb-afa9-f1634d5838a5,Evento 82,100.0,Cancelado,Juan Pérez
e877a94f-9aef-42d5-bf60-ce75778f4015,Evento 15,100.0,Cancelado,Carlos López
3e2d1ffd-5ed7-4b50-aa58-672aa2cd994e,Evento 37,300.0,Cancelado,Juan Pérez
e877ce05-93e1-449c-ae94-f9ea5b83e751,Evento 20,200.5,Pagado,María Gómez
c53bd23d-9f34-41c7-8b72-bf368f9ad3e2,Evento 93,,Reservado,Carlos López
ff35366a-29c5-47d1-b198-715db8f28f61,Evento 28,200.5,Reservado,Juan Pérez
6d734d42-62a3-466f-85a1-86c8766a611e,Evento 41,100.0,Cancelado,Comprador Anónimo
02d0623c-a9d8-4a43-91e2-5b71ecdd9d64,Evento 32,100.0,Pagado,Comprador Anónimo
7f4dc075-337c-4983-b9d0-d6d1019a9169,Evento 26,100.0,Cancelado,Comprador Anónimo
9868382e-6e69-4f99-9a97-30608f952c18,Evento 42,,Reservado,Juan Pérez
47314417-7ac3-4c6e-aeb9-7f70df3a5208,Evento 16,100.0,Cancelado,Carlos López
129167b7-0fbe-485c-afb8-9235a8561de4,Evento 15,200.5,Reservado,María Gómez
11f706bb-17ad-4d9a-9e96-62d108360a83,Evento 73,100.0,Reservado,Carlos López
c640c596-0b2c-4cd9-806e-173dc68f0f29,Evento 6,300.0,Cancelado,Comprador Anónimo
14ef79e1-fa97-4ddd-963c-8e91b09a29c2,Evento 2,200.5,Cancelado,Carlos López
035fb6be-5230-4db0-a44d-abce4cd59de3,Evento 56,,Cancelado,María Gómez
8e0592f5-f5b8-4d02-95d0-7439a211468f,Evento 37,100.0,Pagado,Comprador Anónimo
12c15f7a-5633-4a69-a9c0-eaceb0f68c60,Evento 63,200.5,Cancelado,Comprador Anónimo
cbce42fd-7e7f-43e0-b63a-3e12d84cf6f8,Evento 16,100.0,Cancelado,Comprador Anónimo
983efab1-83fd-4e60-ad83-c390c127d7fa,Evento 39,,Pagado,Carlos López
d6eab841-fc09-4503-817b-7afa58949aac,Evento 80,100.0,Reservado,Juan Pérez
67985369-0aaa-46c0-8598-5047924b9a43,Evento 81,100.0,Reservado,María Gómez
9be7eed1-dad6-49e2-85be-fb0a00c8f5c2,Evento 28,100.0,Reservado,Juan Pérez
82cdd168-01cc-4702-b21c-ab1704cf7a4a,Evento 21,100.0,Reservado,Comprador Anónimo
3ac42019-ec32-4981-bba7-bbc6daa750c9,Evento 8,100.0,Reservado,Comprador Anónimo
fddc13c3-4192-4fa0-b93f-b53d73e31c5b,Evento 10,200.5,Reservado,Carlos López
a57771dc-6893-4947-a876-7f5c22362a5b,Evento 81,100.0,Cancelado,Juan Pérez
700be8f2-9ec0-4094-b672-bee77a3346ab,Evento 42,100.0,Reservado,Carlos López
750508c6-fa41-4c3e-8292-05a54c9d98c8,Evento 16,100.0,Reservado,Carlos López
b9474f53-b8cf-459e-90f0-93f7ce1b4693,Evento 46,100.0,Cancelado,Juan Pérez
70f56aef-3a09-4196-a4f0-93e0993288b3,Evento 91,,Reservado,Carlos López
f8a6890d-0246-4678-a193-3327825bd091,Evento 40,200.5,Cancelado,María Gómez
ebe7f0cf-59dc-4306-bfe7-81dc553a10d1,Evento 91,100.0,Cancelado,María Gómez
bf56f784-8597-491e-ac09-1bd9acb025d7,Evento 32,100.0,Cancelado,Juan Pérez
d2bfa9e1-6848-4e40-8299-25a3d7bdd007,Evento 56,,Cancelado,Comprador Anónimo
63562739-86f9-4c6f-953f-2332825dd81f,Evento 70,100.0,Reservado,Comprador Anónimo
246407bb-633c-4633-9b3f-b0f1f8620179,Evento 79,300.0,Reservado,Comprador Anónimo
a3b664a4-2f34-40ae-aec4-b26b9afc2c30,Evento 6,100.0,Cancelado,Juan Pérez
3793acb6-35a3-41d8-9526-c1266da73fb0,Evento 44,200.5,Cancelado,Juan Pérez
62363e0b-8730-4d8d-ae20-2def6a0f543a,Evento 3,100.0,Pagado,Juan Pérez
59914c04-ba3b-4e31-a68f-90b14fd38f46,Evento 19,100.0,Reservado,Comprador Anónimo
800fe7de-1b5e-41aa-9566-37eb1e3a2887,Evento 72,100.0,Pagado,María Gómez
695896a1-9b0d-4733-9536-dbf3153d9aed,Evento 85,100.0,Pagado,María Gómez
29644565-da82-46d4-adb4-4d10fa55cca9,Evento 77,100.0,Reservado,Comprador Anónimo
8d62b303-7e35-4fcb-ba18-63a1c6232403,Evento 63,300.0,Reservado,Juan Pérez
426d91c1-52ef-4c8e-b01a-4ceaa3e423dd,Evento 72,200.5,Pagado,Comprador Anónimo
e2370abe-a1e5-437e-aee1-ca32bbd3331e,Evento 19,200.5,Reservado,Comprador Anónimo
3da9d01c-04d6-4561-ac9a-7d69d89223db,Evento 81,100.0,Reservado,María Gómez
8419fe8f-abef-4076-adeb-42e38e1474a4,Evento 55,100.0,Cancelado,Comprador Anónimo
2b1352dd-e4ff-42d3-b8df-414546a00292,Evento 13,200.5,Cancelado,Comprador Anónimo
d0a05e5d-b6f4-42b4-a1d5-8ee70113be6d,Evento 76,100.0,Cancelado,Comprador Anónimo
1684f9c8-a3c2-4476-8d7d-75c860b086dd,Evento 45,100.0,Pagado,Comprador Anónimo
a984fe93-e020-44b5-ac6f-b9ab015cf317,Evento 40,100.0,Cancelado,Comprador Anónimo
8e6856de-91ee-404a-8474-f9577cf4237f,Evento 8,,Cancelado,Juan Pérez
74640839-e924-4a01-8121-445744a4b6e3,Evento 5,100.0,Cancelado,Juan Pérez
414e0476-af4f-49c4-9c0b-4a5f7ce9189d,Evento 97,200.5,Reservado,María Gómez
7049acec-4c5e-4a35-89cd-0ed05044c82f,Evento 17,200.5,Reservado,María Gómez
e2533000-1c65-4c0f-bf53-05ba6f669122,Evento 27,,Cancelado,Juan Pérez
8cc503e6-d24e-473f-b579-d3ee0b348611,Evento 81,100.0,Cancelado,Juan Pérez
05abea6d-5697-4f0c-a1f4-71fa643ede90,Evento 87,100.0,Pagado,Comprador Anónimo
e4f363c9-ea80-471d-9351-591b488430a7,Evento 67,100.0,Pagado,Comprador Anónimo
a254f50e-89f1-489d-841b-dcf1769563f0,Evento 21,200.5,Pagado,Comprador Anónimo
122dce42-3651-4930-b15e-493b0a6a0190,Evento 48,,Cancelado,Juan Pérez
5fe32e5e-809b-481b-9d72-057734cb71a1,Evento 10,,Pagado,Juan Pérez
e69e850d-c4f4-41af-8568-61ac361c9c22,Evento 33,200.5,Pagado,Comprador Anónimo
89c21bc7-2e40-4622-9721-93ff5b625523,Evento 38,300.0,Pagado,Comprador Anónimo
2666fe7e-cb37-453e-98b1-a259d871d144,Evento 68,200.5,Cancelado,Comprador Anónimo
8e572ee1-a5b6-4dd6-bbd5-760670e105eb,Evento 27,200.5,Pagado,Comprador Anónimo
4aed87ff-ec33-4d9b-b982-15fbff55695d,Evento 87,200.5,Reservado,Carlos López
e7463d03-bc14-4c11-9014-b329f23b5a87,Evento 39,100.0,Reservado,Juan Pérez
1b5bc908-5c1e-400f-8d68-b8b1a4af05fe,Evento 25,200.5,Cancelado,María Gómez
ea999628-4fc4-44ec-a7c6-738fef294733,Evento 53,100.0,Cancelado,Carlos López
7f2d8749-b4e1-4eca-bf31-ddf0ba35033d,Evento 84,100.0,Pagado,Juan Pérez
ad6b0b2c-0319-44a9-8ce8-d682a81c8cf4,Evento 82,100.0,Pagado,Comprador Anónimo
9887ccc5-9048-4d28-bfa3-afe17624a732,Evento 1,300.0,Pagado,María Gómez
d3cfc8ae-dd15-434b-ab19-903712d02c06,Evento 28,200.5,Reservado,Carlos López
ad561509-22cc-4771-bc51-20c775f2744a,Evento 94,100.0,Pagado,Carlos López
37c781e8-3354-4d00-8aac-cef815c3554b,Evento 5,200.5,Reservado,Carlos López
db0ad568-f469-4271-8e11-62ffe4452a8e,Evento 6,100.0,Cancelado,Comprador Anónimo
60acf8b1-c857-43b2-962b-39c5a53393a5,Evento 59,,Pagado,Comprador Anónimo
8ba7a3c7-5bc1-4ce3-848b-cc4acd47fbac,Evento 98,,Pagado,Carlos López
5d1ebfda-86a2-4f42-821a-383c30b59c66,Evento 29,100.0,Reservado,Comprador Anónimo
5f1a7327-3838-4225-81f5-87c2bc3a11c9,Evento 63,,Pagado,Comprador Anónimo
1b11ced3-e02a-49b0-9384-503de6eebf15,Evento 87,,Reservado,Comprador Anónimo
5e1c739d-385b-4229-8955-4d205ae1d7d3,Evento 58,,Cancelado,Comprador Anónimo
86184231-6351-4c63-ac48-696dc1f167da,Evento 53,100.0,Pagado,Comprador Anónimo
286c3993-4e76-4706-998f-667730ddacf2,Evento 9,200.5,Pagado,María Gómez
6e778db9-2073-45d1-af10-54a5ce14d7ce,Evento 9,100.0,Pagado,María Gómez
ee299bea-c92a-49ba-b923-732e1ef04be1,Evento 91,100.0,Cancelado,María Gómez
e40d6ba4-118d-4759-9cda-7ddbd191db08,Evento 61,300.0,Reservado,María Gómez
b586fa9e-6b80-4c49-98f4-b4aebebb8e8f,Evento 22,100.0,Reservado,María Gómez
b460a2d4-62d8-45c8-94ae-ac6380cc4a04,Evento 19,,Pagado,Carlos López
48952cfe-75cf-4185-a945-06e71ae11e00,Evento 8,100.0,Reservado,Comprador Anónimo
1e33f856-b64e-4700-8736-4a716c4995e7,Evento 3,,Cancelado,Juan Pérez
6ef56562-1839-4cee-a8b7-edd83c9711bb,Evento 30,100.0,Cancelado,Comprador Anónimo
658792b0-ce90-449d-b93b-c5429407051b,Evento 30,100.0,Pagado,Comprador Anónimo
7303d7bb-93fb-4f20-b671-ab6ac55c2d50,Evento 76,300.0,Reservado,María Gómez
5f9b4613-b8fe-476d-9800-ee45ec47a869,Evento 92,100.0,Cancelado,Comprador Anónimo
78557429-13d5-40ce-90bf-72ace8792f7b,Evento 84,100.0,Cancelado,Juan Pérez
255b4e52-a702-487d-81e7-292d126efdfb,Evento 1,,Reservado,Carlos López
25caadc1-2f78-4f6c-8ec5-9be654f5e86d,Evento 1,100.0,Reservado,Juan Pérez
